CALLE,SUPERFICIE,PRECIOUSD,USDM2,ANTIG,BARRIO,COMUNA
BRASIL 1100,492,882000,1793,0,CONSTITUCION,1
BRASIL 1200,249,675000,2711,0,CONSTITUCION,1
BRASIL 1300,233,1100000,4721,40,CONSTITUCION,1
BRASIL 1500,83,82000,988,0,CONSTITUCION,1
BRASIL 900,212,219000,1033,60,CONSTITUCION,1
BRASIL 900,212,245000,1156,0,CONSTITUCION,1
"CEVALLOS, Virrey 1100",110,220000,2000,0,CONSTITUCION,1
"CEVALLOS, Virrey 1600",153,210000,1373,0,CONSTITUCION,1
COCHABAMBA 1700,52,65000,1250,60,CONSTITUCION,1
CONSTITUCION 1200,200,115000,575,80,CONSTITUCION,1
CONSTITUCION 1300,42,70000,1667,20,CONSTITUCION,1
ENTRE RIOS 1600,58,70000,1207,50,CONSTITUCION,1
ENTRE RIOS 1600,66,105000,1591,0,CONSTITUCION,1
ENTRE RIOS 2000,121,170000,1405,65,CONSTITUCION,1
ESTADOS UNIDOS 900,31,105000,3387,0,CONSTITUCION,1
"GARAY, JUAN DE 1201",1300,798000,614,1,CONSTITUCION,1
"GARAY, JUAN DE 1400",28,59000,2107,70,CONSTITUCION,1
INDEPENDENCIA 1700,99,600000,6061,0,CONSTITUCION,1
INDEPENDENCIA 1800,150,190000,1267,45,CONSTITUCION,1
INDEPENDENCIA 1800,164,220000,1341,70,CONSTITUCION,1
INDEPENDENCIA 1800,89,180000,2022,70,CONSTITUCION,1
"IRIGOYEN, BERNARDO DE 1000",139,156000,1122,70,CONSTITUCION,1
"IRIGOYEN, BERNARDO de 1000",142,173500,1222,70,CONSTITUCION,1
"IRIGOYEN, BERNARDO DE 1300",111,160000,1441,40,CONSTITUCION,1
"IRIGOYEN, BERNARDO de 1300",111,175000,1577,0,CONSTITUCION,1
"IRIGOYEN, BERNARDO de 1300",961,450000,468,40,CONSTITUCION,1
"IRIGOYEN, BERNARDO de 1500",332,345000,1039,0,CONSTITUCION,1
"IRIGOYEN, BERNARDO DE 1500",285,379000,1330,0,CONSTITUCION,1
"IRIGOYEN, BERNARDO DE 1500",82,75000,915,0,CONSTITUCION,1
SALTA 1000,80,175000,2188,0,CONSTITUCION,1
SALTA 1100,97,60000,619,50,CONSTITUCION,1
SALTA 1100,87,59900,689,10,CONSTITUCION,1
SAN JOSE 1300,257,300000,1167,70,CONSTITUCION,1
SAN JUAN 1300,90,120000,1333,30,CONSTITUCION,1
SAN JUAN 1300,40,110000,2750,0,CONSTITUCION,1
SAN JUAN 1500,111,115000,1036,40,CONSTITUCION,1
SANTIAGO DEL ESTERO 900,30,62000,2067,40,CONSTITUCION,1
SOLIS 1904,350,370000,1057,40,CONSTITUCION,1
TACUARI 1000,429,430000,1002,28,CONSTITUCION,1
TACUARI 1100,70,179000,2557,0,CONSTITUCION,1
TACUARI 1200,39,79000,2026,50,CONSTITUCION,1
TACUARI 900,183,179000,978,60,CONSTITUCION,1
"ALSINA, ADOLFO 1200",138,210000,1522,0,MONTSERRAT,1
"ALSINA, ADOLFO 1200",490,850000,1735,0,MONTSERRAT,1
"ALSINA, ADOLFO 1400",549,390000,710,22,MONTSERRAT,1
"ALSINA, ADOLFO 1450",130,230000,1769,70,MONTSERRAT,1
"ALSINA, ADOLFO 1500",929,1100000,1184,0,MONTSERRAT,1
"ALSINA, ADOLFO 1500",692,850000,1228,50,MONTSERRAT,1
"ALSINA, ADOLFO 1630",92,135000,1467,60,MONTSERRAT,1
"ALSINA, ADOLFO 700",1890,2300000,1217,0,MONTSERRAT,1
BALCARCE 256,120,340000,2833,90,MONTSERRAT,1
BALCARCE 700,145,390000,2690,60,MONTSERRAT,1
BELGRANO 1600,500,1000000,2000,0,MONTSERRAT,1
BELGRANO 300,150,850000,5667,0,MONTSERRAT,1
BELGRANO 800,536,600000,1119,50,MONTSERRAT,1
BELGRANO 800,266,480000,1805,60,MONTSERRAT,1
BOLIVAR 200,1875,3500000,1867,0,MONTSERRAT,1
BOLIVAR 600,210,350000,1667,40,MONTSERRAT,1
"CEVALLOS, Virrey 100",178,145000,815,85,MONTSERRAT,1
"CEVALLOS, Virrey 400",153,210000,1373,0,MONTSERRAT,1
"CEVALLOS, Virrey 654",75,110000,1467,50,MONTSERRAT,1
CHACABUCO 100,50,85000,1700,40,MONTSERRAT,1
CHACABUCO 100,47,89000,1894,50,MONTSERRAT,1
CHACABUCO 147,47,100000,2128,0,MONTSERRAT,1
CHACABUCO 200,360,360000,1000,0,MONTSERRAT,1
CHACABUCO 400,200,275000,1375,20,MONTSERRAT,1
CHILE 1400,100,190000,1900,0,MONTSERRAT,1
CHILE 1600,10,60000,6000,60,MONTSERRAT,1
CHILE 1700,38,110000,2895,25,MONTSERRAT,1
CHILE 900,200,230000,1150,0,MONTSERRAT,1
DE MAYO 1200,363,990000,2727,0,MONTSERRAT,1
DE MAYO 1200,363,1300000,3581,90,MONTSERRAT,1
DE MAYO 1260,28,23000,821,0,MONTSERRAT,1
DE MAYO 1300,17,30900,1818,0,MONTSERRAT,1
DE MAYO 1343,40,60000,1500,60,MONTSERRAT,1
DE MAYO 500,110,900000,8182,0,MONTSERRAT,1
ENTRE RIOS 100,800,1200000,1500,0,MONTSERRAT,1
ENTRE RIOS 188,800,1200000,1500,0,MONTSERRAT,1
ENTRE RIOS 232,63,230000,3651,50,MONTSERRAT,1
INDEPENDENCIA 1382,85,179000,2106,10,MONTSERRAT,1
LIMA 200,240,420000,1750,0,MONTSERRAT,1
MEXICO 1100,102,110000,1078,50,MONTSERRAT,1
MEXICO 1100,100,140000,1400,100,MONTSERRAT,1
MEXICO 1541,133,145000,1090,0,MONTSERRAT,1
MEXICO 1700,224,276000,1232,45,MONTSERRAT,1
MEXICO 1700,190,285000,1500,0,MONTSERRAT,1
MEXICO 1776,147,280000,1905,95,MONTSERRAT,1
MEXICO 400,200,295000,1475,50,MONTSERRAT,1
MEXICO 400,95,280000,2947,90,MONTSERRAT,1
MEXICO 459,200,350000,1750,0,MONTSERRAT,1
MORENO 1300,562,300000,534,0,MONTSERRAT,1
MORENO 1616,78,160000,2051,10,MONTSERRAT,1
MORENO 1700,230,280000,1217,0,MONTSERRAT,1
MORENO 1800,363,470000,1295,40,MONTSERRAT,1
MORENO 1800,340,450000,1324,35,MONTSERRAT,1
MORENO 200,825,680000,824,0,MONTSERRAT,1
MORENO 913,500,700000,1400,10,MONTSERRAT,1
PERU 200,292,550000,1884,0,MONTSERRAT,1
PERU 400,2187,2170000,992,0,MONTSERRAT,1
PERU 600,176,450000,2557,0,MONTSERRAT,1
PIEDRAS 100,1250,875000,700,0,MONTSERRAT,1
PIEDRAS 100,1244,980000,788,0,MONTSERRAT,1
PIEDRAS 100,250,220000,880,0,MONTSERRAT,1
PIEDRAS 120,135,248000,1837,45,MONTSERRAT,1
PIEDRAS 600,203,195000,961,0,MONTSERRAT,1
PIEDRAS 99,445,1200000,2697,0,MONTSERRAT,1
PIEDRAS 99,894,760000,850,100,MONTSERRAT,1
RIVADAVIA 1100,650,500000,769,0,MONTSERRAT,1
RIVADAVIA 900,158,165000,1044,40,MONTSERRAT,1
RIVADAVIA 900,784,310000,395,0,MONTSERRAT,1
"ROCA, JULIO A., Pres. 600",334,1200000,3593,60,MONTSERRAT,1
"SAENZ PENA, LUIS, PRES. 300",68,129000,1897,50,MONTSERRAT,1
"SAENZ PENA, LUIS, PRES. 400",20,58000,2900,50,MONTSERRAT,1
"SAENZ PENA, LUIS, PRES. 700",30,60000,2000,60,MONTSERRAT,1
"SAENZ PENA, LUIS, PRES. 800",99,98000,990,0,MONTSERRAT,1
SALTA 100,96,199000,2073,0,MONTSERRAT,1
SALTA 200,194,230000,1186,70,MONTSERRAT,1
SALTA 200,61,110000,1803,0,MONTSERRAT,1
SALTA 200,99,260000,2626,0,MONTSERRAT,1
SALTA 300,163,210000,1288,40,MONTSERRAT,1
SALTA 300,157,210000,1338,55,MONTSERRAT,1
SALTA 300,156,220000,1410,70,MONTSERRAT,1
SALTA 300,350,599000,1711,48,MONTSERRAT,1
SALTA 308,176,189000,1074,60,MONTSERRAT,1
SALTA 500,720,1100000,1528,0,MONTSERRAT,1
SALTA 560,520,670000,1288,5,MONTSERRAT,1
SALTA 600,33,53200,1612,50,MONTSERRAT,1
SALTA 800,127,170000,1339,10,MONTSERRAT,1
SAN JOSE 200,144,290000,2014,60,MONTSERRAT,1
SAN JOSE 800,55,70000,1273,35,MONTSERRAT,1
SANTIAGO DEL ESTERO 100,129,90000,698,40,MONTSERRAT,1
SANTIAGO DEL ESTERO 75,14,25000,1786,40,MONTSERRAT,1
SANTIAGO DEL ESTERO 75,14,39000,2786,16,MONTSERRAT,1
SOLIS 100,46,140000,3043,50,MONTSERRAT,1
SOLIS 200,130,79900,615,0,MONTSERRAT,1
SOLIS 300,108,135000,1250,70,MONTSERRAT,1
SOLIS 700,38,90000,2368,48,MONTSERRAT,1
TACUARI 161,79,135000,1709,0,MONTSERRAT,1
TACUARI 200,100,250000,2500,60,MONTSERRAT,1
TACUARI 600,72,120000,1667,80,MONTSERRAT,1
VENEZUELA 1200,340,220000,647,60,MONTSERRAT,1
VENEZUELA 1302,900,900000,1000,30,MONTSERRAT,1
VENEZUELA 400,260,320000,1231,0,MONTSERRAT,1
VENEZUELA 400,57,130000,2281,60,MONTSERRAT,1
VENEZUELA 400,30,89000,2967,80,MONTSERRAT,1
VENEZUELA 600,180,320000,1778,20,MONTSERRAT,1
VENEZUELA 700,142,312000,2197,25,MONTSERRAT,1
"YRIGOYEN, HIPOLITO 1300",141,210000,1489,0,MONTSERRAT,1
"YRIGOYEN, HIPOLITO 1300",87,200000,2299,0,MONTSERRAT,1
"YRIGOYEN, HIPOLITO 1500",90,210000,2333,40,MONTSERRAT,1
"YRIGOYEN, HIPOLITO 687",120,148500,1238,50,MONTSERRAT,1
"YRIGOYEN, HIPOLITO 778",243,320000,1317,45,MONTSERRAT,1
"YRIGOYEN, HIPOLITO 800",1014,870000,858,0,MONTSERRAT,1
"COSSENTTINI, OLGA 1100",93,530000,5699,12,PUERTO MADERO,1
"COSSENTTINI, OLGA 1300",136,950000,6985,0,PUERTO MADERO,1
"COSSENTTINI, OLGA 1300",118,850000,7203,2,PUERTO MADERO,1
"DEALESSI, PIERINA 1200",126,1150000,9127,0,PUERTO MADERO,1
"DEALESSI, PIERINA 1300",135,950000,7037,4,PUERTO MADERO,1
"DEALESSI, PIERINA 1300",118,850000,7203,4,PUERTO MADERO,1
"DEALESSI, PIERINA 1300",112,1000000,8929,0,PUERTO MADERO,1
LANTERI JULIETA 1700,203,480000,2365,0,PUERTO MADERO,1
LANTERI JULIETA 1700,152,592000,3895,0,PUERTO MADERO,1
LANTERI JULIETA 1700,637,2600000,4082,0,PUERTO MADERO,1
LANTERI JULIETA 1700,167,760000,4551,0,PUERTO MADERO,1
LANTERI JULIETA 1700,111,515000,4640,0,PUERTO MADERO,1
LANTERI JULIETA 1700,158,740000,4684,0,PUERTO MADERO,1
MANSO JUANA 100,1428,4600000,3221,0,PUERTO MADERO,1
MANSO JUANA 100,714,3500000,4902,0,PUERTO MADERO,1
MANSO JUANA 100,360,2400000,6667,0,PUERTO MADERO,1
MANSO JUANA 1800,981,2660000,2712,0,PUERTO MADERO,1
MANSO JUANA 1800,738,2200000,2981,0,PUERTO MADERO,1
"MOREAU DE JUSTO, ALICIA 1700",475,1720000,3621,20,PUERTO MADERO,1
"MOREAU DE JUSTO, ALICIA 1700",520,2900000,5577,0,PUERTO MADERO,1
"MOREAU DE JUSTO, ALICIA 2000",220,1000000,4545,0,PUERTO MADERO,1
"MOREAU DE JUSTO, ALICIA 700",200,1100000,5500,5,PUERTO MADERO,1
"MOREAU DE JUSTO, ALICIA 700",88,750000,8523,12,PUERTO MADERO,1
PAINE AIME 1300,249,1400000,5622,3,PUERTO MADERO,1
"VERA PENALOZA, ROSARIO 300",465,2500000,5376,0,PUERTO MADERO,1
"VERA PENALOZA, ROSARIO 300",350,1900000,5429,0,PUERTO MADERO,1
"VERA PENALOZA, ROSARIO 420",109,594000,5450,1,PUERTO MADERO,1
"ALEM, LEANDRO N. 1002",250,950000,3800,29,RETIRO,1
ALVEAR 1444,350,2200000,6286,40,RETIRO,1
"ALVEAR, MARCELO T. De 1000",334,400000,1198,35,RETIRO,1
"ALVEAR, MARCELO T. De 1200",30,285000,9500,50,RETIRO,1
"ALVEAR, MARCELO T. De 1243",310,423000,1365,32,RETIRO,1
"ALVEAR, MARCELO T. De 1298",106,340000,3208,0,RETIRO,1
"ALVEAR, MARCELO T. De 1300",22,99000,4500,30,RETIRO,1
"ALVEAR, MARCELO T. De 1300",150,119900,799,0,RETIRO,1
"ALVEAR, MARCELO T. De 1348",150,114900,766,40,RETIRO,1
"ALVEAR, MARCELO T. De 500",450,2000000,4444,10,RETIRO,1
"ALVEAR, MARCELO T. De 900",350,199000,569,30,RETIRO,1
ARENALES 1100,40,250000,6250,0,RETIRO,1
ARENALES 1200,21,215000,10238,0,RETIRO,1
ARENALES 1264,20,212000,10600,15,RETIRO,1
ARENALES 800,130,385000,2962,35,RETIRO,1
ARENALES 900,60,155000,2583,0,RETIRO,1
ARENALES 900,73,250000,3425,0,RETIRO,1
ARENALES 961,67,240000,3582,19,RETIRO,1
ARENALES 961,67,250000,3731,38,RETIRO,1
CERRITO 1000,65,490000,7538,0,RETIRO,1
CERRITO 1062,112,450000,4018,20,RETIRO,1
CERRITO 1100,38,460000,12105,50,RETIRO,1
CERRITO 1100,448,2000000,4464,43,RETIRO,1
CERRITO 1300,30,210000,7000,0,RETIRO,1
CERRITO 1332,80,235000,2938,65,RETIRO,1
CORDOBA 1100,200,1800000,9000,0,RETIRO,1
CORDOBA 1300,217,638000,2940,0,RETIRO,1
DEL LIBERTADOR 200,84,350000,4167,0,RETIRO,1
DEL LIBERTADOR 264,82,210000,2561,0,RETIRO,1
FLORIDA 1000,114,490000,4298,0,RETIRO,1
FLORIDA 816,190,1990000,10474,30,RETIRO,1
FLORIDA 838,24,60000,2500,60,RETIRO,1
FLORIDA 860,18,32000,1778,73,RETIRO,1
FLORIDA 880,25,44000,1760,40,RETIRO,1
FLORIDA 943,26,29500,1135,0,RETIRO,1
JUNCAL 1200,45,240000,5333,0,RETIRO,1
JUNCAL 1300,45,290000,6444,0,RETIRO,1
JUNCAL 1341,36,230000,6389,0,RETIRO,1
JUNCAL 900,70,330000,4714,0,RETIRO,1
LIBERTAD 1000,58,280000,4828,70,RETIRO,1
LIBERTAD 1300,51,398000,7804,35,RETIRO,1
LIBERTAD 1300,39,380000,9744,5,RETIRO,1
LIBERTAD 900,708,1400000,1977,0,RETIRO,1
MAIPU 834,208,420000,2019,20,RETIRO,1
MAIPU 872,100,230000,2300,50,RETIRO,1
MAIPU 900,310,700000,2258,0,RETIRO,1
MAIPU 900,81,298000,3679,5,RETIRO,1
PARAGUAY 1400,131,250000,1908,0,RETIRO,1
PARAGUAY 1400,114,298000,2614,40,RETIRO,1
PARAGUAY 400,425,700000,1647,20,RETIRO,1
PARAGUAY 500,291,690000,2371,0,RETIRO,1
PARAGUAY 500,154,370000,2403,0,RETIRO,1
PARAGUAY 555,165,550000,3333,50,RETIRO,1
PARAGUAY 700,170,225000,1324,40,RETIRO,1
PARAGUAY 700,187,760000,4064,0,RETIRO,1
PARAGUAY 727,220,349000,1586,20,RETIRO,1
PARAGUAY 800,290,490000,1690,40,RETIRO,1
PARAGUAY 900,48,75000,1562,40,RETIRO,1
PARERA 100,75,590000,7867,0,RETIRO,1
"PELLEGRINI, CARLOS 1255",131,750000,5725,20,RETIRO,1
POSADAS 1100,31,290000,9355,25,RETIRO,1
SAN MARTIN 1000,81,290000,3580,0,RETIRO,1
SANTA FE 1100,25,25000,1000,40,RETIRO,1
SANTA FE 1100,93,1000000,10753,30,RETIRO,1
SANTA FE 1100,19,38000,2000,0,RETIRO,1
SANTA FE 1100,62,429000,6919,40,RETIRO,1
SANTA FE 1200,19,42500,2237,20,RETIRO,1
SANTA FE 1200,16,38000,2375,40,RETIRO,1
SANTA FE 900,65,570000,8769,40,RETIRO,1
SUIPACHA 1000,100,250000,2500,45,RETIRO,1
SUIPACHA 1300,84,290000,3452,20,RETIRO,1
SUIPACHA 900,172,329000,1913,50,RETIRO,1
SUIPACHA 931,48,40000,833,45,RETIRO,1
TALCAHUANO 1000,375,650000,1733,30,RETIRO,1
TALCAHUANO 1000,107,420000,3925,40,RETIRO,1
TALCAHUANO 1000,100,490000,4900,40,RETIRO,1
TALCAHUANO 1018,140,550000,3929,45,RETIRO,1
TALCAHUANO 1087,63,340000,5397,0,RETIRO,1
TALCAHUANO 1100,124,395000,3185,40,RETIRO,1
TALCAHUANO 1100,894,500000,559,19,RETIRO,1
TALCAHUANO 1200,247,300000,1215,50,RETIRO,1
TALCAHUANO 1221,270,300000,1111,60,RETIRO,1
TRES SARGENTOS 300,480,1800000,3750,119,RETIRO,1
TRES SARGENTOS 454,230,450000,1957,0,RETIRO,1
URUGUAY 1200,90,360000,4000,50,RETIRO,1
URUGUAY 858,44,250000,5682,0,RETIRO,1
URUGUAY 871,17,120000,7059,40,RETIRO,1
LAPRIDA 1700,112,415000,3705,3,RECOLETA,2
LAPRIDA 1774,112,415000,3705,3,RECOLETA,2
LARREA 1300,100,265000,2650,0,RECOLETA,2
LARREA 1343,100,265000,2650,45,RECOLETA,2
LARREA 1419,80,220000,2750,10,RECOLETA,2
"LAS HERAS, GRAL. 2000",357,400000,1120,0,RECOLETA,2
"LAS HERAS, GRAL. 2000",66,450000,6818,0,RECOLETA,2
"LAS HERAS, GRAL. 2104",30,85000,2833,45,RECOLETA,2
"LAS HERAS, GRAL. 2200",410,2000000,4878,0,RECOLETA,2
"LOPEZ, VICENTE 1700",50,290000,5800,2,RECOLETA,2
"LOPEZ, VICENTE 1900",64,260000,4062,39,RECOLETA,2
"MANSILLA, LUCIO NORBERTO, GRAL. 2400",30,175000,5833,0,RECOLETA,2
"MANSILLA, LUCIO NORBERTO, GRAL. 2587",27,125000,4630,21,RECOLETA,2
MONTEVIDEO 1000,12,39000,3250,40,RECOLETA,2
MONTEVIDEO 1000,73,299000,4096,40,RECOLETA,2
MONTEVIDEO 1079,10,30000,3000,40,RECOLETA,2
MONTEVIDEO 1100,24,240000,10000,1,RECOLETA,2
MONTEVIDEO 1200,45,350000,7778,0,RECOLETA,2
MONTEVIDEO 1500,75,460000,6133,45,RECOLETA,2
MONTEVIDEO 1600,35,389000,11114,40,RECOLETA,2
MONTEVIDEO 1600,142,690000,4859,0,RECOLETA,2
MONTEVIDEO 900,87,310202,3566,0,RECOLETA,2
"PACHECO DE MELO, JOSE ANDRES 2100",160,350000,2188,0,RECOLETA,2
"PACHECO DE MELO, JOSE ANDRES 2800",65,129000,1985,1,RECOLETA,2
"PACHECO DE MELO, JOSE ANDRES 2900",79,263000,3329,0,RECOLETA,2
"PACHECO DE MELO, JOSE ANDRES 2936",79,220000,2785,0,RECOLETA,2
"PAGANO, JOSE LEON 2700",368,960000,2609,45,RECOLETA,2
PARAGUAY 2000,62,129900,2095,65,RECOLETA,2
PARAGUAY 2000,90,230000,2556,7,RECOLETA,2
PARAGUAY 2000,116,298000,2569,7,RECOLETA,2
PARAGUAY 2000,90,385000,4278,50,RECOLETA,2
PARAGUAY 2000,61,280000,4590,30,RECOLETA,2
PARAGUAY 2041,68,182172,2679,0,RECOLETA,2
PARAGUAY 2300,1800,1950000,1083,30,RECOLETA,2
PARAGUAY 2400,161,330000,2050,90,RECOLETA,2
PARAGUAY 2455,130,260000,2000,55,RECOLETA,2
PARAGUAY 2500,70,380000,5429,25,RECOLETA,2
PARAGUAY 2800,222,500000,2252,20,RECOLETA,2
PARAGUAY 2811,215,480000,2233,40,RECOLETA,2
PARAGUAY 3100,30,129500,4317,35,RECOLETA,2
PARANA 1000,14,180000,12857,45,RECOLETA,2
PEÑA 2000,400,1200000,3000,0,RECOLETA,2
PEÑA 2780,15,75000,5000,40,RECOLETA,2
POSADAS 1400,877,1600000,1824,0,RECOLETA,2
PUEYRREDON 1200,32,320000,10000,0,RECOLETA,2
PUEYRREDON 1224,70,390000,5571,45,RECOLETA,2
PUEYRREDON 2200,140,595000,4250,0,RECOLETA,2
PUEYRREDON 2400,60,450000,7500,0,RECOLETA,2
PUEYRREDON 2400,60,500000,8333,0,RECOLETA,2
"QUINTANA, MANUEL, PRES. 500",84,650000,7738,0,RECOLETA,2
"QUINTANA, MANUEL, PRES. 569",84,650000,7738,70,RECOLETA,2
RIOBAMBA 900,58,235000,4052,60,RECOLETA,2
RODRIGUEZ PENA 1000,91,650000,7143,0,RECOLETA,2
RODRIGUEZ PENA 1100,116,120000,1034,0,RECOLETA,2
RODRIGUEZ PENA 1300,52,260000,5000,0,RECOLETA,2
RODRIGUEZ PENA 1407,70,490000,7000,0,RECOLETA,2
RODRIGUEZ PENA 1800,61,620000,10164,40,RECOLETA,2
RODRIGUEZ PENA 2200,244,750000,3074,0,RECOLETA,2
SANCHEZ DE BUSTAMANTE 1400,54,200000,3704,5,RECOLETA,2
SANCHEZ DE BUSTAMANTE 1800,70,320000,4571,3,RECOLETA,2
SANCHEZ DE BUSTAMANTE 2100,440,900000,2045,0,RECOLETA,2
SANTA FE 1441,22,34400,1564,25,RECOLETA,2
SANTA FE 1441,11,18000,1636,3,RECOLETA,2
SANTA FE 1441,9,25000,2778,45,RECOLETA,2
SANTA FE 1441,22,19500,886,0,RECOLETA,2
SANTA FE 1500,150,1950000,13000,0,RECOLETA,2
SANTA FE 1500,60,800000,13333,11,RECOLETA,2
SANTA FE 1500,27,39000,1444,40,RECOLETA,2
SANTA FE 1500,24,40900,1704,30,RECOLETA,2
SANTA FE 1544,27,34900,1293,46,RECOLETA,2
SANTA FE 1544,18,28000,1556,46,RECOLETA,2
SANTA FE 1544,24,40900,1704,30,RECOLETA,2
SANTA FE 1544,27,47000,1741,0,RECOLETA,2
SANTA FE 1544,20,39900,1995,45,RECOLETA,2
SANTA FE 1600,90,1230000,13667,0,RECOLETA,2
SANTA FE 1600,26,63000,2423,0,RECOLETA,2
SANTA FE 1600,12,47000,3917,0,RECOLETA,2
SANTA FE 1600,300,149000,497,15,RECOLETA,2
SANTA FE 1600,12,90000,7500,0,RECOLETA,2
SANTA FE 1700,350,5000000,14286,0,RECOLETA,2
SANTA FE 1800,15,39000,2600,30,RECOLETA,2
SANTA FE 1823,12,59000,4917,50,RECOLETA,2
SANTA FE 1900,5,25000,5000,0,RECOLETA,2
SANTA FE 1900,130,1100000,8462,0,RECOLETA,2
SANTA FE 2000,250,1500000,6000,20,RECOLETA,2
SANTA FE 2000,170,1500000,8824,0,RECOLETA,2
SANTA FE 2000,158,1500000,9494,30,RECOLETA,2
SANTA FE 2300,240,2600000,10833,21,RECOLETA,2
SANTA FE 2450,30,50000,1667,0,RECOLETA,2
SANTA FE 2450,28,47000,1679,0,RECOLETA,2
SANTA FE 2450,23,40000,1739,0,RECOLETA,2
SANTA FE 2450,17,32000,1882,40,RECOLETA,2
SANTA FE 2450,18,35000,1944,0,RECOLETA,2
SANTA FE 2450,11,25000,2273,0,RECOLETA,2
SANTA FE 2600,542,5000000,9225,0,RECOLETA,2
SANTA FE 2700,60,775000,12917,30,RECOLETA,2
SANTA FE 2700,20,65000,3250,40,RECOLETA,2
SANTA FE 2729,20,79000,3950,70,RECOLETA,2
SANTA FE 2729,21,105000,5000,0,RECOLETA,2
SANTA FE 3077,223,1700000,7623,1,RECOLETA,2
SOLER 3200,133,200000,1504,14,RECOLETA,2
SOLER 3200,25,100000,4000,35,RECOLETA,2
SOLER 3500,172,330000,1919,25,RECOLETA,2
SOLER 3500,140,500000,3571,0,RECOLETA,2
URIBURU 1008,580,750000,1293,0,RECOLETA,2
URIBURU 1400,30,209000,6967,7,RECOLETA,2
URUGUAY 1072,22,395000,17955,50,RECOLETA,2
URUGUAY 900,63,275000,4365,0,RECOLETA,2
AGUERO 1100,36,160000,4444,35,RECOLETA,2
AGUERO 1200,30,125000,4167,0,RECOLETA,2
AGUERO 1200,25,120000,4800,1,RECOLETA,2
AGUERO 1600,200,312000,1560,0,RECOLETA,2
AGUERO 1900,72,390000,5417,35,RECOLETA,2
AGUERO 2200,60,180000,3000,20,RECOLETA,2
ALVEAR 1700,23,69000,3000,0,RECOLETA,2
ALVEAR 1700,54,370000,6852,0,RECOLETA,2
ALVEAR 1800,10,120000,12000,6,RECOLETA,2
ALVEAR 1800,24,320000,13333,40,RECOLETA,2
ALVEAR 1981,66,1200000,18182,0,RECOLETA,2
"ALVEAR, MARCELO T. De 1400",397,750000,1889,60,RECOLETA,2
"ALVEAR, MARCELO T. De 1400",238,600000,2521,90,RECOLETA,2
"ALVEAR, MARCELO T. De 1400",245,620000,2531,0,RECOLETA,2
"ALVEAR, MARCELO T. De 1658",48,190000,3958,45,RECOLETA,2
"ALVEAR, MARCELO T. De 1900",108,250000,2315,40,RECOLETA,2
"ALVEAR, MARCELO T. De 2100",93,550000,5914,0,RECOLETA,2
"ANCHORENA, TOMAS M. DE, DR 1300",159,205000,1289,40,RECOLETA,2
"ANCHORENA, TOMAS M. DE, DR 1300",159,265000,1667,60,RECOLETA,2
"ANCHORENA, TOMAS M. DE, DR 1775",54,183000,3389,33,RECOLETA,2
ARENALES 1700,1340,2950000,2201,20,RECOLETA,2
ARENALES 1700,600,3300000,5500,0,RECOLETA,2
ARENALES 1700,22,150000,6818,0,RECOLETA,2
ARENALES 2000,144,240000,1667,50,RECOLETA,2
ARENALES 2000,144,263000,1826,50,RECOLETA,2
ARENALES 2000,142,260000,1831,50,RECOLETA,2
ARENALES 2600,95,150000,1579,50,RECOLETA,2
ARENALES 2800,56,200000,3571,0,RECOLETA,2
ARENALES 2800,30,205000,6833,0,RECOLETA,2
ARENALES 2800,28,230000,8214,25,RECOLETA,2
ARENALES 3300,42,150000,3571,0,RECOLETA,2
AYACUCHO 1200,967,3000000,3102,20,RECOLETA,2
AYACUCHO 1200,33,280000,8485,0,RECOLETA,2
AYACUCHO 1300,103,295000,2864,45,RECOLETA,2
AYACUCHO 1400,700,1300000,1857,0,RECOLETA,2
AYACUCHO 1700,155,460000,2968,0,RECOLETA,2
AZCUENAGA 1800,115,350000,3043,45,RECOLETA,2
BERUTI 3011,105,275000,2619,60,RECOLETA,2
BILLINGHURST 2300,180,560000,3111,35,RECOLETA,2
BILLINGHURST 2400,31,190000,6129,0,RECOLETA,2
"BRAVO, MARIO 1300",57,170000,2982,50,RECOLETA,2
"CABRERA, JOSE A. 2900",23,195000,8478,0,RECOLETA,2
"CABRERA, JOSE A. 3400",30,90000,3000,35,RECOLETA,2
CALLAO 1000,575,1200000,2087,0,RECOLETA,2
CALLAO 1000,610,1400000,2295,50,RECOLETA,2
CALLAO 1008,120,950000,7917,0,RECOLETA,2
CALLAO 1200,27,90000,3333,30,RECOLETA,2
CALLAO 1300,45,372000,8267,0,RECOLETA,2
CALLAO 1300,48,400000,8333,50,RECOLETA,2
CALLAO 1584,54,350000,6481,0,RECOLETA,2
CHARCAS 2600,94,240000,2553,0,RECOLETA,2
CHARCAS 2909,42,165000,3929,45,RECOLETA,2
CHARCAS 3100,54,138000,2556,40,RECOLETA,2
CHARCAS 3100,90,310000,3444,0,RECOLETA,2
CHARCAS 3300,80,400000,5000,6,RECOLETA,2
CORDOBA 1600,118,220000,1864,69,RECOLETA,2
CORDOBA 3181,103,250000,2427,0,RECOLETA,2
CORDOBA 3181,106,325000,3066,0,RECOLETA,2
CORDOBA 3181,104,325000,3125,0,RECOLETA,2
CORDOBA 3181,106,379000,3575,0,RECOLETA,2
CORDOBA 3300,130,500000,3846,0,RECOLETA,2
CORDOBA 3500,130,350000,2692,0,RECOLETA,2
DEL LIBERTADOR 1700,81,850000,10494,50,RECOLETA,2
ECUADOR 1300,266,450000,1692,0,RECOLETA,2
ECUADOR 1300,49,165000,3367,45,RECOLETA,2
ECUADOR 1300,80,30000,375,17,RECOLETA,2
FRENCH 2300,146,250000,1712,45,RECOLETA,2
FRENCH 2600,33,210000,6364,40,RECOLETA,2
FRENCH 2900,240,550000,2292,6,RECOLETA,2
FRENCH 3000,71,249000,3507,16,RECOLETA,2
GALLO 1100,40,135000,3375,30,RECOLETA,2
GALLO 1400,76,250000,3289,0,RECOLETA,2
GALLO 1477,100,250000,2500,6,RECOLETA,2
"GELLY Y OBES, GRAL. 2000",280,1800000,6429,0,RECOLETA,2
"GELLY Y OBES, GRAL. 2200",285,3000000,10526,75,RECOLETA,2
GORRITI 3600,25,179000,7160,0,RECOLETA,2
GUIDO 1900,134,420000,3134,0,RECOLETA,2
GUIDO 1900,164,550000,3354,0,RECOLETA,2
GUIDO 1900,51,255000,5000,0,RECOLETA,2
GUIDO 1900,82,750000,9146,30,RECOLETA,2
GUIDO 1950,200,790000,3950,0,RECOLETA,2
"GUTIERREZ, JUAN MARIA 1400",14,150000,10714,5,RECOLETA,2
"GUTIERREZ, JUAN MARIA 2545",14,110000,7857,6,RECOLETA,2
"GUTIERREZ, JUAN MARIA 2576",126,525000,4167,0,RECOLETA,2
JUNCAL 2431,96,90000,938,48,RECOLETA,2
JUNIN 1000,130,1200000,9231,0,RECOLETA,2
JUNIN 1300,43,170000,3953,50,RECOLETA,2
"MITRE, BARTOLOME 1834",1173,790000,673,94,BALVANERA,3
"MITRE, BARTOLOME 1900",1145,950000,830,0,BALVANERA,3
"MITRE, BARTOLOME 2100",498,750000,1506,0,BALVANERA,3
"MITRE, BARTOLOME 2100",82,125000,1524,75,BALVANERA,3
"MITRE, BARTOLOME 2200",180,650000,3611,0,BALVANERA,3
MORENO 1900,125,98000,784,50,BALVANERA,3
MORENO 2073,70,115000,1643,45,BALVANERA,3
PASCO 400,32,64000,2000,45,BALVANERA,3
PASO 400,750,2850000,3800,30,BALVANERA,3
PASO 600,60,190000,3167,30,BALVANERA,3
PASO 600,130,495000,3808,0,BALVANERA,3
PASO 627,280,700000,2500,0,BALVANERA,3
PASO 693,84,280000,3333,0,BALVANERA,3
PASTEUR 200,190,690000,3632,50,BALVANERA,3
PASTEUR 346,55,165000,3000,40,BALVANERA,3
PASTEUR 700,48,180000,3750,60,BALVANERA,3
PASTEUR 88,150,590000,3933,20,BALVANERA,3
"PERON, JUAN DOMINGO, TTE. 1900",103,89000,864,30,BALVANERA,3
PICHINCHA 500,193,250000,1295,0,BALVANERA,3
PICHINCHA 800,84,140000,1667,40,BALVANERA,3
PUEYRREDON 600,225,1500000,6667,0,BALVANERA,3
PUEYRREDON 631,135,560000,4148,70,BALVANERA,3
PUEYRREDON 700,175,650000,3714,40,BALVANERA,3
PUEYRREDON 800,240,1000000,4167,0,BALVANERA,3
PUEYRREDON 870,330,990000,3000,0,BALVANERA,3
RINCON 100,109,234000,2147,0,BALVANERA,3
RINCON 100,32,80000,2500,0,BALVANERA,3
RINCON 101,30,65000,2167,40,BALVANERA,3
RINCON 101,30,73000,2433,20,BALVANERA,3
RINCON 444,47,75000,1596,50,BALVANERA,3
RINCON 700,61,107000,1754,50,BALVANERA,3
RINCON 89,109,105000,963,43,BALVANERA,3
RIVADAVIA 2100,236,590000,2500,0,BALVANERA,3
RIVADAVIA 2700,200,270000,1350,40,BALVANERA,3
RIVADAVIA 2900,238,650000,2731,40,BALVANERA,3
RIVADAVIA 3000,140,390000,2786,20,BALVANERA,3
RIVADAVIA 3000,140,395000,2821,35,BALVANERA,3
RIVADAVIA 3200,90,250000,2778,0,BALVANERA,3
SAAVEDRA 100,50,89000,1780,35,BALVANERA,3
SAAVEDRA 300,125,160000,1280,50,BALVANERA,3
SAN LUIS 2400,34,59500,1750,45,BALVANERA,3
SAN LUIS 3100,98,210000,2143,50,BALVANERA,3
SARMIENTO 1940,125,290000,2320,35,BALVANERA,3
SARMIENTO 2000,110,179000,1627,30,BALVANERA,3
SARMIENTO 2400,260,1750000,6731,40,BALVANERA,3
TUCUMAN 2100,140,265000,1893,50,BALVANERA,3
TUCUMAN 2200,95,180000,1895,50,BALVANERA,3
TUCUMAN 2200,52,180000,3462,0,BALVANERA,3
TUCUMAN 2300,207,580000,2802,50,BALVANERA,3
TUCUMAN 2500,90,300000,3333,0,BALVANERA,3
TUCUMAN 2700,173,259000,1497,55,BALVANERA,3
TUCUMAN 3300,47,117500,2500,0,BALVANERA,3
URIBURU 100,85,355000,4176,0,BALVANERA,3
URIBURU 200,95,420000,4421,0,BALVANERA,3
URIBURU 252,65,420000,6462,50,BALVANERA,3
URIBURU 500,50,99000,1980,0,BALVANERA,3
URIBURU 500,50,100000,2000,0,BALVANERA,3
URIBURU 600,69,195000,2826,60,BALVANERA,3
URIBURU 85,65,120000,1846,0,BALVANERA,3
"URQUIZA, Gral. 200",500,1200000,2400,0,BALVANERA,3
"URQUIZA, Gral. 50",290,299000,1031,40,BALVANERA,3
"URQUIZA, Gral. 600",295,450000,1525,0,BALVANERA,3
"URQUIZA, Gral. 700",46,98000,2130,63,BALVANERA,3
VENEZUELA 1834,180,180000,1000,40,BALVANERA,3
VENEZUELA 1902,250,400000,1600,50,BALVANERA,3
VIAMONTE 2100,109,330000,3028,0,BALVANERA,3
VIAMONTE 2100,144,450000,3125,0,BALVANERA,3
VIAMONTE 2300,200,250000,1250,40,BALVANERA,3
VIAMONTE 2600,190,295000,1553,0,BALVANERA,3
VIAMONTE 2600,240,390000,1625,0,BALVANERA,3
VIAMONTE 2917,198,200000,1010,0,BALVANERA,3
"YRIGOYEN, HIPOLITO 1900",192,300000,1562,0,BALVANERA,3
"YRIGOYEN, HIPOLITO 2400",23,80000,3478,25,BALVANERA,3
"YRIGOYEN, HIPOLITO 2500",150,180000,1200,85,BALVANERA,3
"YRIGOYEN, HIPOLITO 2900",782,1349000,1725,0,BALVANERA,3
"YRIGOYEN, HIPOLITO 3100",265,395000,1491,0,BALVANERA,3
"YRIGOYEN, HIPOLITO 3100",36,179000,4972,0,BALVANERA,3
"YRIGOYEN, HIPOLITO 3199",178,345000,1938,0,BALVANERA,3
ZELAYA 3006,525,430000,819,0,BALVANERA,3
24 DE NOVIEMBRE 200,198,290000,1465,70,BALVANERA,3
AGUERO 430,102,165000,1618,0,BALVANERA,3
AGUERO 446,121,198000,1636,43,BALVANERA,3
AGUERO 700,45,124900,2776,0,BALVANERA,3
AGUERO 800,159,298000,1874,60,BALVANERA,3
ALBERTI 200,260,300000,1154,100,BALVANERA,3
ALBERTI 300,92,90000,978,0,BALVANERA,3
"ALSINA, ADOLFO 1900",106,165000,1557,40,BALVANERA,3
"ALSINA, ADOLFO 2100",908,793000,873,12,BALVANERA,3
"ALSINA, ADOLFO 2701",142,169000,1190,0,BALVANERA,3
"ALSINA, ADOLFO 2800",680,1100000,1618,80,BALVANERA,3
"ALSINA, ADOLFO 2800",35,100000,2857,0,BALVANERA,3
"ALSINA, ADOLFO 2800",35,120000,3429,0,BALVANERA,3
"ANCHORENA, TOMAS M. DE, DR 2",39,84000,2154,60,BALVANERA,3
"ANCHORENA, TOMAS M. DE, DR 300",114,148700,1304,48,BALVANERA,3
"ANCHORENA, TOMAS M. DE, DR 300",114,165000,1447,0,BALVANERA,3
"ANCHORENA, TOMAS M. DE, DR 600",130,195000,1500,50,BALVANERA,3
"ANCHORENA, TOMAS M. DE, DR 600",52,115000,2212,45,BALVANERA,3
"ANCHORENA, TOMAS M. DE, DR 600",33,119900,3633,1,BALVANERA,3
AYACUCHO 685,55,105000,1909,50,BALVANERA,3
AYACUCHO 800,123,250000,2033,50,BALVANERA,3
AZCUENAGA 300,210,1430000,6810,40,BALVANERA,3
AZCUENAGA 300,200,1450000,7250,45,BALVANERA,3
AZCUENAGA 400,275,1100000,4000,20,BALVANERA,3
AZCUENAGA 700,115,160000,1391,40,BALVANERA,3
AZCUENAGA 700,127,180000,1417,45,BALVANERA,3
BELGRANO 1900,12,87000,7250,80,BALVANERA,3
BELGRANO 2300,455,699000,1536,80,BALVANERA,3
BELGRANO 2400,455,699000,1536,80,BALVANERA,3
BELGRANO 2600,67,280000,4179,0,BALVANERA,3
BELGRANO 3200,107,99000,925,62,BALVANERA,3
BELGRANO 3300,280,500000,1786,0,BALVANERA,3
BOULOGNE SUR MER 300,140,250000,1786,0,BALVANERA,3
BOULOGNE SUR MER 400,123,355000,2886,0,BALVANERA,3
CALLAO 700,546,1300000,2381,60,BALVANERA,3
CASTELLI 250,60,275000,4583,10,BALVANERA,3
COMBATE DE LOS POZOS 100,88,160000,1818,0,BALVANERA,3
COMBATE DE LOS POZOS 600,30,90000,3000,40,BALVANERA,3
CORDOBA 2600,228,395000,1732,0,BALVANERA,3
CORDOBA 2800,205,390000,1902,0,BALVANERA,3
CORDOBA 3100,230,280000,1217,0,BALVANERA,3
CORDOBA 3100,120,1000000,8333,0,BALVANERA,3
CORDOBA 3109,250,310000,1240,20,BALVANERA,3
CORRIENTES 2000,280,770000,2750,9,BALVANERA,3
CORRIENTES 2000,300,1300000,4333,0,BALVANERA,3
CORRIENTES 2100,45,59500,1322,40,BALVANERA,3
CORRIENTES 2100,46,76000,1652,40,BALVANERA,3
CORRIENTES 2200,300,1375000,4583,0,BALVANERA,3
CORRIENTES 2300,190,1050000,5526,30,BALVANERA,3
CORRIENTES 2457,457,200000,438,40,BALVANERA,3
CORRIENTES 2500,110,140000,1273,40,BALVANERA,3
CORRIENTES 2500,106,139000,1311,0,BALVANERA,3
CORRIENTES 2500,658,1800000,2736,54,BALVANERA,3
CORRIENTES 2600,33,140000,4242,0,BALVANERA,3
CORRIENTES 3094,70,360000,5143,5,BALVANERA,3
CORRIENTES 3096,87,360000,4138,5,BALVANERA,3
DEAN FUNES 600,174,230000,1322,0,BALVANERA,3
ECUADOR 500,180,250000,1389,0,BALVANERA,3
ECUADOR 500,287,260000,906,35,BALVANERA,3
ECUADOR 900,72,110000,1528,40,BALVANERA,3
ENTRE RIOS 700,29,32000,1103,0,BALVANERA,3
ENTRE RIOS 700,30,35000,1167,0,BALVANERA,3
ENTRE RIOS 700,760,1000000,1316,0,BALVANERA,3
ENTRE RIOS 700,52,235000,4519,0,BALVANERA,3
GALLO 800,45,123000,2733,0,BALVANERA,3
"GARDEL, CARLOS 3100",165,350000,2121,3,BALVANERA,3
"GARDEL, CARLOS 3160",164,349000,2128,2,BALVANERA,3
"GOMEZ, VALENTIN 2792",82,490000,5976,30,BALVANERA,3
"GOMEZ, VALENTIN 3000",60,80000,1333,0,BALVANERA,3
"GOMEZ, VALENTIN 3200",170,176500,1038,40,BALVANERA,3
"JAURES, JEAN 252",100,115000,1150,0,BALVANERA,3
"JAURES, JEAN 300",400,450000,1125,0,BALVANERA,3
"JAURES, JEAN 332",105,120000,1143,40,BALVANERA,3
"JAURES, JEAN 800",30,90000,3000,0,BALVANERA,3
"JAURES, JEAN 800",18,69000,3833,50,BALVANERA,3
JUJUY 100,35,120000,3429,0,BALVANERA,3
JUJUY 100,35,140000,4000,0,BALVANERA,3
JUJUY 100,1121,800000,714,0,BALVANERA,3
JUJUY 300,121,230000,1901,0,BALVANERA,3
JUJUY 500,120,250000,2083,25,BALVANERA,3
JUJUY 800,58,115000,1983,50,BALVANERA,3
JUNIN 100,372,380000,1022,40,BALVANERA,3
JUNIN 400,730,1800000,2466,0,BALVANERA,3
JUNIN 500,670,930000,1388,28,BALVANERA,3
JUNIN 600,126,227000,1802,45,BALVANERA,3
JUNIN 600,512,1600000,3125,40,BALVANERA,3
LA RIOJA 286,153,308000,2013,30,BALVANERA,3
LARREA 500,159,490000,3082,0,BALVANERA,3
LARREA 500,120,750000,6250,40,BALVANERA,3
LARREA 500,125,1000000,8000,0,BALVANERA,3
LAVALLE 2018,50,165000,3300,35,BALVANERA,3
LAVALLE 2168,24,25000,1042,60,BALVANERA,3
LAVALLE 3100,500,1350000,2700,0,BALVANERA,3
MATHEU 100,240,300000,1250,0,BALVANERA,3
MATHEU 760,412,380000,922,0,BALVANERA,3
MEXICO 1800,130,310000,2385,50,BALVANERA,3
MEXICO 3300,318,480000,1509,34,BALVANERA,3
"CALVO, CARLOS 2900",51,87000,1706,30,SAN CRISTOBAL,3
COCHABAMBA 3300,480,260000,542,0,SAN CRISTOBAL,3
ENTRE RIOS 900,247,450000,1822,40,SAN CRISTOBAL,3
ENTRE RIOS 900,230,500000,2174,0,SAN CRISTOBAL,3
ENTRE RIOS 900,80,300000,3750,0,SAN CRISTOBAL,3
ESTADOS UNIDOS 2200,212,185000,873,80,SAN CRISTOBAL,3
ESTADOS UNIDOS 2800,174,280000,1609,44,SAN CRISTOBAL,3
ESTADOS UNIDOS 2824,2350,1500000,638,20,SAN CRISTOBAL,3
INDEPENDENCIA 2020,130,210000,1615,60,SAN CRISTOBAL,3
INDEPENDENCIA 2600,382,420000,1099,90,SAN CRISTOBAL,3
24 DE NOVIEMBRE 1100,33,69000,2091,35,SAN CRISTOBAL,3
"CALVO, CARLOS 1990",196,190000,969,65,SAN CRISTOBAL,3
"CALVO, CARLOS 2000",48,85000,1771,30,SAN CRISTOBAL,3
AZARA 200,200,180000,900,29,BARRACAS ESTE,4
BOLIVAR 1800,450,650000,1444,0,BARRACAS ESTE,4
BRANDSEN 1700,100,400000,4000,25,BARRACAS ESTE,4
CALIFORNIA 1800,90,239900,2666,40,BARRACAS ESTE,4
CALIFORNIA 2200,632,480000,759,0,BARRACAS ESTE,4
"CARRILLO, RAMON, DR. 200",131,155000,1183,60,BARRACAS ESTE,4
HERRERA 1700,126,379000,3008,0,BARRACAS ESTE,4
HERRERA 1700,120,439000,3658,0,BARRACAS ESTE,4
HERRERA 1700,94,379000,4032,0,BARRACAS ESTE,4
ITUZAINGO 500,30,65000,2167,0,BARRACAS ESTE,4
LAFAYETTE 500,210,200000,952,0,BARRACAS ESTE,4
LUZURIAGA 300,131,80000,611,0,BARRACAS ESTE,4
MIRAVE 2700,255,260000,1020,50,BARRACAS ESTE,4
"MONTES DE OCA, MANUEL 1100",5000,8300000,1660,0,BARRACAS ESTE,4
"MONTES DE OCA, MANUEL 1200",216,690000,3194,50,BARRACAS ESTE,4
"MONTES DE OCA, MANUEL 1413",31,70000,2258,35,BARRACAS ESTE,4
"MONTES DE OCA, MANUEL 251",101,320000,3168,9,BARRACAS ESTE,4
"MONTES DE OCA, MANUEL 427",200,1000000,5000,0,BARRACAS ESTE,4
"QUINQUELA MARTIN, BENITO 1700",85,260000,3059,0,BARRACAS ESTE,4
REGIMIENTO DE PATRICIOS 1600,413,600000,1453,40,BARRACAS ESTE,4
REGIMIENTO DE PATRICIOS 700,105,270000,2571,0,BARRACAS ESTE,4
REGIMIENTO DE PATRICIOS 900,251,400000,1594,0,BARRACAS ESTE,4
RUY DIAZ DE GUZMAN 600,36,68000,1889,45,BARRACAS ESTE,4
SANTA MAGDALENA 500,80,85000,1062,50,BARRACAS ESTE,4
SUAREZ 1500,523,845000,1616,30,BARRACAS ESTE,4
SUAREZ 1500,204,970000,4755,40,BARRACAS ESTE,4
USPALLATA 700,38,85000,2237,4,BARRACAS ESTE,4
"VALLE, ARISTOBULO DEL 1400",583,1200000,2058,20,BARRACAS ESTE,4
"VALLE, ARISTOBULO DEL 1400",66,150000,2273,30,BARRACAS ESTE,4
VELEZ SARSFIELD 700,30,55000,1833,0,BARRACAS ESTE,4
VIEYTES 1200,70,79000,1129,50,BARRACAS ESTE,4
VIEYTES 1246,70,58000,829,40,BARRACAS ESTE,4
VIEYTES 1300,30,70000,2333,0,BARRACAS ESTE,4
"ARAOZ DE LAMADRID, G., GRAL. 800",260,380000,1462,0,BOCA,4
"ARAOZ DE LAMADRID, G., GRAL. 928",380,250000,658,70,BOCA,4
"ARAOZ DE LAMADRID, G., GRAL. 990",330,330000,1000,80,BOCA,4
ARZOBISPO ESPINOSA 300,53,68000,1283,40,BOCA,4
"BROWN, ALTE. 1400",150,99000,660,50,BOCA,4
CABOTO 400,87,186000,2138,0,BOCA,4
HERNANDARIAS 1000,977,1200000,1228,0,BOCA,4
NECOCHEA 1100,350,179000,511,70,BOCA,4
OLAVARRIA 500,10,18000,1800,40,BOCA,4
REGIMIENTO DE PATRICIOS 330,35,120000,3429,1,BOCA,4
REGIMIENTO DE PATRICIOS 400,400,500000,1250,0,BOCA,4
ROCHA 1000,563,500000,888,0,BOCA,4
"RODRIGUEZ, MARTIN 400",23,40000,1739,24,BOCA,4
"VALLE, ARISTOBULO DEL 300",40,55000,1375,60,BOCA,4
"VILLAFAÑE, WENCESLAO 100",247,750000,3036,0,BOCA,4
"ARAOZ DE LAMADRID, G., GRAL. 300",70,78000,1114,0,BOCA,4
LYNCH 3700,30,80000,2667,0,NUEVA POMPEYA,4
"POMAR, GREGORIO Tte. Cnel. 4100",60,250000,4167,50,NUEVA POMPEYA,4
"RABANAL, FRANCISCO, INTENDENTE 1300",200,175000,875,20,NUEVA POMPEYA,4
"RABANAL, FRANCISCO, INTENDENTE 1982",75,75000,1000,0,NUEVA POMPEYA,4
SAENZ 1200,140,195000,1393,25,NUEVA POMPEYA,4
SAENZ 1215,358,1200000,3352,1,NUEVA POMPEYA,4
SAENZ 1251,170,150000,882,40,NUEVA POMPEYA,4
SAENZ 1391,267,220000,824,70,NUEVA POMPEYA,4
SAENZ 1400,300,230000,767,30,NUEVA POMPEYA,4
SAENZ 400,175,230000,1314,40,NUEVA POMPEYA,4
SAENZ 600,34,65000,1912,0,NUEVA POMPEYA,4
SOMELLERA 999,89,115000,1292,30,NUEVA POMPEYA,4
TRAFUL 3700,300,345000,1150,0,NUEVA POMPEYA,4
"ALCORTA, AMANCIO 3600",600,640000,1067,30,NUEVA POMPEYA,4
"ALCORTA, AMANCIO 3700",200,190000,950,0,NUEVA POMPEYA,4
BARCO CENTENERA del 2478,210,159500,760,0,NUEVA POMPEYA,4
BARCO CENTENERA del 3500,105,85000,810,0,NUEVA POMPEYA,4
CASEROS 3400,140,650000,4643,2,NUEVA POMPEYA,4
CHICLANA 4100,45,65000,1444,0,NUEVA POMPEYA,4
ESQUIU 1300,35,55000,1571,15,NUEVA POMPEYA,4
"FERNANDEZ DE LA CRUZ, F., GRAL. 1500",141,135000,957,40,NUEVA POMPEYA,4
LA PLATA 2300,95,250000,2632,0,NUEVA POMPEYA,4
LA PLATA 2400,48,85000,1771,0,NUEVA POMPEYA,4
MONTEAGUDO 200,727,740000,1018,0,PARQUE PATRICIOS,4
MONTEAGUDO 400,149,250000,1678,0,PARQUE PATRICIOS,4
RONDEAU 2800,250,289000,1156,70,PARQUE PATRICIOS,4
"ALCORTA, AMANCIO 2573",200,149000,745,40,PARQUE PATRICIOS,4
BRASIL 3098,520,265000,510,50,PARQUE PATRICIOS,4
CASEROS 2459,156,550000,3526,0,PARQUE PATRICIOS,4
"CASTILLO, CATULO 2500",66,65000,985,0,PARQUE PATRICIOS,4
DEAN FUNES 1700,61,84000,1377,0,PARQUE PATRICIOS,4
"GARAY, JUAN DE 2500",310,270000,871,50,PARQUE PATRICIOS,4
"GARAY, JUAN DE 2900",300,340000,1133,40,PARQUE PATRICIOS,4
"GARAY, JUAN DE 3046",115,99000,861,60,PARQUE PATRICIOS,4
JUJUY 1700,74,115000,1554,7,PARQUE PATRICIOS,4
LA RIOJA 1700,260,492000,1892,0,PARQUE PATRICIOS,4
LA RIOJA 2000,145,500000,3448,33,PARQUE PATRICIOS,4
LA RIOJA 2100,30,300000,10000,0,PARQUE PATRICIOS,4
LUNA 100,70,210000,3000,1,PARQUE PATRICIOS,4
LUNA 562,205,420000,2049,1,PARQUE PATRICIOS,4
MONTEAGUDO 192,30,150000,5000,25,PARQUE PATRICIOS,4
MAZA 800,145,220000,1517,45,ALMAGRO,5
MEDRANO 100,54,185000,3426,25,ALMAGRO,5
MEDRANO 369,69,84500,1225,50,ALMAGRO,5
MEDRANO 400,391,630000,1611,90,ALMAGRO,5
MEDRANO 500,180,440000,2444,45,ALMAGRO,5
MEDRANO 600,337,295000,875,51,ALMAGRO,5
MEDRANO 900,168,499000,2970,0,ALMAGRO,5
"MITRE, BARTOLOME 3400",115,155000,1348,0,ALMAGRO,5
"MITRE, BARTOLOME 4130",61,75000,1230,0,ALMAGRO,5
MORENO 3600,32,66000,2062,40,ALMAGRO,5
MUÑIZ 400,80,130000,1625,50,ALMAGRO,5
POTOSI 3800,20,85000,4250,0,ALMAGRO,5
PRINGLES 1193,70,105000,1500,40,ALMAGRO,5
PRINGLES 600,36,120000,3333,0,ALMAGRO,5
PRINGLES 600,35,120000,3429,0,ALMAGRO,5
PRINGLES 700,70,105000,1500,45,ALMAGRO,5
PRINGLES 900,20,72000,3600,40,ALMAGRO,5
RIVADAVIA 3500,130,209000,1608,35,ALMAGRO,5
RIVADAVIA 3647,48,400000,8333,0,ALMAGRO,5
RIVADAVIA 3900,55,380000,6909,30,ALMAGRO,5
RIVADAVIA 4003,73,400000,5479,0,ALMAGRO,5
RIVADAVIA 4200,90,175000,1944,0,ALMAGRO,5
"SALGUERO, JERONIMO 300",289,280000,969,40,ALMAGRO,5
"SALGUERO, JERONIMO 800",155,245000,1581,35,ALMAGRO,5
"SALGUERO, JERONIMO 800",32,138000,4312,0,ALMAGRO,5
SANCHEZ DE BUSTAMANTE 500,23,80000,3478,25,ALMAGRO,5
SANCHEZ DE BUSTAMANTE 580,23,75000,3261,20,ALMAGRO,5
SANCHEZ DE LORIA 472,106,165000,1557,60,ALMAGRO,5
SANCHEZ DE LORIA 600,617,650000,1053,39,ALMAGRO,5
SANCHEZ DE LORIA 800,210,110000,524,62,ALMAGRO,5
SARMIENTO 4500,114,260000,2281,0,ALMAGRO,5
TREINTA Y TRES ORIENTALES 700,238,245000,1029,0,ALMAGRO,5
VENEZUELA 3700,450,750000,1667,40,ALMAGRO,5
VENEZUELA 3937,180,320000,1778,0,ALMAGRO,5
VENEZUELA 4200,40,89000,2225,50,ALMAGRO,5
YAPEYU 100,86,260000,3023,0,ALMAGRO,5
YAPEYU 384,55,82000,1491,20,ALMAGRO,5
YATAY 1024,30,139000,4633,0,ALMAGRO,5
YATAY 200,109,189000,1734,40,ALMAGRO,5
"YRIGOYEN, HIPOLITO 3400",185,290000,1568,45,ALMAGRO,5
"YRIGOYEN, HIPOLITO 3400",56,169500,3027,40,ALMAGRO,5
"YRIGOYEN, HIPOLITO 4100",44,130000,2955,70,ALMAGRO,5
"ACUÑA DE FIGUEROA, FRANCISCO 1000",26,87000,3346,5,ALMAGRO,5
"ACUÑA DE FIGUEROA, FRANCISCO 400",34,92000,2706,45,ALMAGRO,5
"ACUÑA DE FIGUEROA, FRANCISCO 900",60,110000,1833,0,ALMAGRO,5
"ACUÑA DE FIGUEROA, FRANCISCO 909",29,60000,2069,40,ALMAGRO,5
BELGRANO 3800,334,380000,1138,65,ALMAGRO,5
BILLINGHURST 100,212,270000,1274,45,ALMAGRO,5
BILLINGHURST 900,114,350000,3070,5,ALMAGRO,5
BOEDO 700,13,35000,2692,40,ALMAGRO,5
"BRAVO, MARIO 600",42,90000,2143,40,ALMAGRO,5
"BRAVO, MARIO 800",94,190000,2021,55,ALMAGRO,5
"BRAVO, MARIO 800",34,87000,2559,35,ALMAGRO,5
"BRAVO, MARIO 900",95,170000,1789,50,ALMAGRO,5
"BRAVO, MARIO 900",40,145000,3625,25,ALMAGRO,5
BULNES 100,47,78000,1660,0,ALMAGRO,5
BULNES 1200,320,425000,1328,90,ALMAGRO,5
BULNES 200,62,165000,2661,0,ALMAGRO,5
BULNES 300,111,180000,1622,1,ALMAGRO,5
"CASTRO, BARROS 100",68,155000,2279,0,ALMAGRO,5
COLOMBRES 100,25,75000,3000,40,ALMAGRO,5
COLOMBRES 185,72,129000,1792,45,ALMAGRO,5
CORDOBA 3900,250,860000,3440,5,ALMAGRO,5
CORRIENTES 3600,2000,1290000,645,88,ALMAGRO,5
CORRIENTES 3987,8,25000,3125,35,ALMAGRO,5
CORRIENTES 4200,560,1200000,2143,0,ALMAGRO,5
CORRIENTES 4500,109,218000,2000,0,ALMAGRO,5
DIAZ VELEZ 3600,29,84000,2897,50,ALMAGRO,5
DIAZ VELEZ 3700,18,69000,3833,40,ALMAGRO,5
DIAZ VELEZ 3793,55,145000,2636,27,ALMAGRO,5
DIAZ VELEZ 4320,50,150000,3000,26,ALMAGRO,5
DON BOSCO 3800,1160,950000,819,0,ALMAGRO,5
GALLO 400,102,200000,1961,20,ALMAGRO,5
GASCON 200,684,1450000,2120,40,ALMAGRO,5
GUARDIA VIEJA 4600,95,485000,5105,0,ALMAGRO,5
HUMAHUACA 3700,60,170000,2833,0,ALMAGRO,5
HUMAHUACA 4200,18,54000,3000,50,ALMAGRO,5
LAVALLE 3400,478,750000,1569,0,ALMAGRO,5
LAVALLE 3500,224,620000,2768,0,ALMAGRO,5
LAVALLE 3900,59,125000,2119,50,ALMAGRO,5
LEZICA 4100,77,83000,1078,40,ALMAGRO,5
LEZICA 4300,32,95000,2969,0,ALMAGRO,5
LEZICA 4300,32,100000,3125,11,ALMAGRO,5
"MARMOL, JOSE 100",27,84000,3111,0,ALMAGRO,5
"MARMOL, JOSE 159",104,115000,1106,44,ALMAGRO,5
MAZA 200,24,49000,2042,10,ALMAGRO,5
MAZA 30,253,550000,2174,0,ALMAGRO,5
SAN JUAN 3400,200,185000,925,40,BOEDO,5
SAN JUAN 3419,198,190000,960,45,BOEDO,5
SAN JUAN 3600,35,36900,1054,0,BOEDO,5
SAN JUAN 3600,27,49000,1815,23,BOEDO,5
SAN JUAN 4200,124,255000,2056,65,BOEDO,5
SANCHEZ DE LORIA 1500,62,87700,1415,51,BOEDO,5
"CALVO, CARLOS 4121",600,660000,1100,42,BOEDO,5
"CALVO, CARLOS 4201",90,270000,3000,0,BOEDO,5
CASEROS 3900,246,292000,1187,50,BOEDO,5
COLOMBRES 1600,231,420000,1818,80,BOEDO,5
"GARAY, JUAN DE 4200",326,420000,1288,0,BOEDO,5
INCLAN 4100,257,265000,1031,50,BOEDO,5
INDEPENDENCIA 3600,390,398000,1021,43,BOEDO,5
INDEPENDENCIA 3700,195,480000,2462,0,BOEDO,5
INDEPENDENCIA 3851,408,1500000,3676,45,BOEDO,5
LA PLATA 1100,270,399999,1481,0,BOEDO,5
LA PLATA 1100,97,265000,2732,0,BOEDO,5
LA PLATA 1115,270,325000,1204,70,BOEDO,5
SAN JUAN 3400,197,205000,1041,40,BOEDO,5
SAN JUAN 3400,150,240000,1600,0,BOEDO,5
"JUAN PEREZ, 50",400,4000,10,40,VILLA DEVOTO,5
RIVADAVIA 6100,164,360000,2195,0,CABALLITO,6
RIVADAVIA 6100,153,765000,5000,30,CABALLITO,6
ROJAS 410,30,139000,4633,30,CABALLITO,6
SENILLOSA 400,18,83000,4611,20,CABALLITO,6
TRES ARROYOS 1500,50,120000,2400,40,CABALLITO,6
VIEL 500,115,150000,1304,50,CABALLITO,6
YERBAL 800,57,232000,4070,0,CABALLITO,6
"ALBERDI, JUAN BAUTISTA 1200",54,250000,4630,1,CABALLITO,6
"ALBERDI, JUAN BAUTISTA 1337",124,220000,1774,19,CABALLITO,6
"ALBERDI, JUAN BAUTISTA 617",122,230000,1885,60,CABALLITO,6
"ALBERDI, JUAN BAUTISTA 617",121,230000,1901,65,CABALLITO,6
"ALBERDI, JUAN BAUTISTA 764",150,480000,3200,40,CABALLITO,6
"AMBROSETTI, JUAN B. 300",45,260000,5778,60,CABALLITO,6
"ARANGUREN, JUAN F., Dr. 400",85,140000,1647,37,CABALLITO,6
AVELLANEDA 392,165,210000,1273,45,CABALLITO,6
AVELLANEDA 900,40,109900,2748,22,CABALLITO,6
BACACAY 1600,140,220000,1571,25,CABALLITO,6
BARCO CENTENERA del 100,40,159000,3975,53,CABALLITO,6
BARCO CENTENERA del 100,175,770000,4400,30,CABALLITO,6
BARCO CENTENERA del 150,18,50000,2778,45,CABALLITO,6
BARCO CENTENERA del 400,180,600000,3333,20,CABALLITO,6
"BONIFACIO, JOSE 300",27,65000,2407,40,CABALLITO,6
CACHIMAYO 11,8,88000,11000,43,CABALLITO,6
CAMPICHUELO 600,480,320000,667,25,CABALLITO,6
DIAZ VELEZ 4700,53,170000,3208,0,CABALLITO,6
DIAZ VELEZ 5100,600,1050000,1750,0,CABALLITO,6
DIAZ VELEZ 5501,300,1100000,3667,0,CABALLITO,6
DIRECTORIO 1650,265,580000,2189,60,CABALLITO,6
FORMOSA 300,150,330000,2200,6,CABALLITO,6
FORMOSA 389,180,330000,1833,5,CABALLITO,6
FORMOSA 50,177,390000,2203,60,CABALLITO,6
"GAINZA, MARTIN DE, GRAL. 500",22,59800,2718,2,CABALLITO,6
"GALLARDO, ANGEL 1000",36,270000,7500,0,CABALLITO,6
"GALLARDO, ANGEL 1084",72,295000,4097,18,CABALLITO,6
"GALLARDO, ANGEL 599",350,470000,1343,50,CABALLITO,6
GAONA 1500,100,300000,3000,0,CABALLITO,6
GAONA 1600,128,170000,1328,70,CABALLITO,6
"GARCIA LORCA, FEDERICO 359",1214,950000,783,30,CABALLITO,6
"GOYENA, PEDRO 0",260,680000,2615,0,CABALLITO,6
GUAYAQUIL 844,28,91000,3250,45,CABALLITO,6
"JUSTO, JUAN B. 4040",105,295000,2810,45,CABALLITO,6
"JUSTO, JUAN B. 4100",115,149900,1303,0,CABALLITO,6
"JUSTO, JUAN B. 4100",70,250000,3571,50,CABALLITO,6
LA PLATA 780,74,350000,4730,57,CABALLITO,6
"MARECHAL, LEOPOLDO 1100",44,100000,2273,0,CABALLITO,6
"MORENO, JOSE MARIA 200",115,840000,7304,36,CABALLITO,6
NEUQUEN 944,200,339000,1695,86,CABALLITO,6
OLAYA 1000,73,250000,3425,0,CABALLITO,6
"OROÑO, NICASIO 1500",25,54000,2160,0,CABALLITO,6
"OROÑO, NICASIO 600",80,105000,1312,35,CABALLITO,6
PAYSANDU 1048,30,99000,3300,0,CABALLITO,6
"PUEYRREDON, HONORIO, DR. 500",90,850000,9444,15,CABALLITO,6
"PUEYRREDON, HONORIO, DR. 600",139,560000,4029,30,CABALLITO,6
"PUEYRREDON, HONORIO, DR. 792",250,390000,1560,0,CABALLITO,6
RIGLOS 750,110,299200,2720,0,CABALLITO,6
RIVADAVIA 4900,31,195000,6290,0,CABALLITO,6
RIVADAVIA 5000,26,250000,9615,40,CABALLITO,6
RIVADAVIA 5500,8,19500,2438,50,CABALLITO,6
RIVADAVIA 5601,25,45000,1800,10,CABALLITO,6
"ALBERDI, JUAN BAUTISTA 2200",203,335000,1650,55,FLORES NORTE,7
"ALBERDI, JUAN BAUTISTA 2200",26,59000,2269,40,FLORES NORTE,7
"ALBERDI, JUAN BAUTISTA 2200",157,460000,2930,50,FLORES NORTE,7
"ALBERDI, JUAN BAUTISTA 2300",500,750000,1500,0,FLORES NORTE,7
"ALBERDI, JUAN BAUTISTA 2500",8495,3600000,424,20,FLORES NORTE,7
"ALVAREZ, DONATO, Tte. Gral. 400",293,650000,2218,15,FLORES NORTE,7
ARGERICH 200,263,1700000,6464,10,FLORES NORTE,7
ARGERICH 700,340,980000,2882,0,FLORES NORTE,7
ARGERICH 895,100,400000,4000,0,FLORES NORTE,7
"ARTIGAS, JOSE GERVASIO DE, 300",44,125000,2841,30,FLORES NORTE,7
BACACAY 2605,36,110000,3056,50,FLORES NORTE,7
BOLIVIA 100,554,1600000,2888,0,FLORES NORTE,7
BOLIVIA 42,30,44000,1467,15,FLORES NORTE,7
"BONIFACIO, JOSE 1876",119,495000,4160,0,FLORES NORTE,7
"BONIFACIO, JOSE 2813",54,80000,1481,30,FLORES NORTE,7
BOYACA 37,100,520000,5200,1,FLORES NORTE,7
BOYACA 500,35,20000,571,0,FLORES NORTE,7
BOYACA 577,24,160000,6667,0,FLORES NORTE,7
BOYACA 600,202,245000,1213,0,FLORES NORTE,7
CARABOBO 100,130,720000,5538,0,FLORES NORTE,7
CARACAS 1000,519,440000,848,0,FLORES NORTE,7
CARACAS 63,10,18000,1800,0,FLORES NORTE,7
CUENCA 800,90,400000,4444,1,FLORES NORTE,7
DIRECTORIO 2900,845,800000,947,0,FLORES NORTE,7
"FALCON, RAMON L.,CNEL. 2347",49,190000,3878,32,FLORES NORTE,7
"FALCON, RAMON L.,CNEL. 2391",54,135000,2500,38,FLORES NORTE,7
"FALCON, RAMON L.,CNEL. 2577",70,265000,3786,30,FLORES NORTE,7
GAONA 3500,50,289000,5780,40,FLORES NORTE,7
LAFUENTE 100,22,55000,2500,0,FLORES NORTE,7
LAFUENTE 300,17,58000,3412,0,FLORES NORTE,7
MEMBRILLAR 100,34,100000,2941,50,FLORES NORTE,7
MEMBRILLAR 51,34,25000,735,50,FLORES NORTE,7
PEDERNERA 400,92,130000,1413,0,FLORES NORTE,7
RIVADAVIA 6400,200,260000,1300,30,FLORES NORTE,7
RIVADAVIA 6662,1061,2000000,1885,45,FLORES NORTE,7
RIVADAVIA 6700,310,500000,1613,0,FLORES NORTE,7
RIVADAVIA 6700,6,14000,2333,51,FLORES NORTE,7
RIVADAVIA 6743,9,20000,2222,0,FLORES NORTE,7
RIVADAVIA 6743,12,37000,3083,0,FLORES NORTE,7
RIVADAVIA 6743,11,42000,3818,0,FLORES NORTE,7
RIVADAVIA 6800,128,150000,1172,0,FLORES NORTE,7
RIVADAVIA 6800,56,50000,893,0,FLORES NORTE,7
RIVADAVIA 7000,38,39900,1050,0,FLORES NORTE,7
RIVADAVIA 7000,395,416000,1053,0,FLORES NORTE,7
RIVADAVIA 7000,21,24500,1167,0,FLORES NORTE,7
RIVADAVIA 7000,28,33000,1179,0,FLORES NORTE,7
RIVADAVIA 7000,22,26500,1205,0,FLORES NORTE,7
RIVADAVIA 7000,35,42500,1214,0,FLORES NORTE,7
RIVADAVIA 7000,64,85500,1336,0,FLORES NORTE,7
RIVADAVIA 7000,132,498000,3773,20,FLORES NORTE,7
RIVADAVIA 7000,100,715000,7150,0,FLORES NORTE,7
RIVADAVIA 7100,272,1100000,4044,0,FLORES NORTE,7
RIVADAVIA 7241,129,479000,3713,6,FLORES NORTE,7
"VALLESE, FELIPE 2893",40,200000,5000,35,FLORES NORTE,7
"VALLESE, FELIPE 2900",71,450000,6338,0,FLORES NORTE,7
YERBAL 2100,114,245000,2149,0,FLORES NORTE,7
YERBAL 2200,10,20000,2000,0,FLORES NORTE,7
YERBAL 2248,9,20000,2222,50,FLORES NORTE,7
YERBAL 2248,15,54000,3600,25,FLORES NORTE,7
YERBAL 2248,15,10000,667,25,FLORES NORTE,7
YERBAL 2500,33,62000,1879,65,FLORES NORTE,7
CULPINA 819,267,350000,1311,25,FLORES SUR,7
DIRECTORIO 2515,196,290000,1480,43,FLORES SUR,7
DIRECTORIO 3200,80,169000,2112,0,FLORES SUR,7
LAFUENTE 1500,24,35000,1458,1,FLORES SUR,7
"PERON, EVA 2300",56,200000,3571,0,FLORES SUR,7
VARELA 1100,64,65000,1016,50,FLORES SUR,7
VARELA 1262,300,490000,1633,15,FLORES SUR,7
VARELA 700,106,149000,1406,37,FLORES SUR,7
VARELA 700,48,119000,2479,37,FLORES SUR,7
CARABOBO 1200,318,320000,1006,40,FLORES SUR,7
CARABOBO 1689,400,190000,475,40,FLORES SUR,7
CARABOBO 500,153,207000,1353,45,FLORES SUR,7
CARABOBO 500,436,315000,722,45,FLORES SUR,7
CASTAÑARES 2200,80,100000,1250,30,FLORES SUR,7
ZUVIRIA 200,60,110000,1833,40,PARQUE CHACABUCO,7
BARCO CENTENERA del 1700,42,74500,1774,0,PARQUE CHACABUCO,7
BALBASTRO 1600,430,295000,686,80,PARQUE CHACABUCO,7
BARCO CENTENERA del 1651,404,265000,656,10,PARQUE CHACABUCO,7
BARCO CENTENERA del 1900,302,220000,728,0,PARQUE CHACABUCO,7
BARCO CENTENERA del 2100,83,99000,1193,60,PARQUE CHACABUCO,7
BARCO CENTENERA del 2200,66,59000,894,0,PARQUE CHACABUCO,7
COBO 1300,235,179000,762,45,PARQUE CHACABUCO,7
COBO 676,400,390000,975,25,PARQUE CHACABUCO,7
DIRECTORIO 1000,120,420000,3500,6,PARQUE CHACABUCO,7
DIRECTORIO 1200,96,560000,5833,5,PARQUE CHACABUCO,7
DIRECTORIO 471,162,450000,2778,0,PARQUE CHACABUCO,7
DIRECTORIO 571,85,401200,4720,0,PARQUE CHACABUCO,7
LA PLATA 1200,104,320000,3077,0,PARQUE CHACABUCO,7
LA PLATA 1200,86,280000,3256,45,PARQUE CHACABUCO,7
LA PLATA 1300,568,720000,1268,50,PARQUE CHACABUCO,7
LA PLATA 1600,198,220000,1111,70,PARQUE CHACABUCO,7
LA PLATA 1600,1453,1690000,1163,70,PARQUE CHACABUCO,7
LA PLATA 1880,135,200000,1481,50,PARQUE CHACABUCO,7
LA PLATA 2100,136,160000,1176,60,PARQUE CHACABUCO,7
"MORENO, JOSE MARIA 1727",354,285000,805,50,PARQUE CHACABUCO,7
"PERON, EVA 2000",135,190000,1407,50,PARQUE CHACABUCO,7
PUAN 2080,220,295000,1341,60,PARQUE CHACABUCO,7
SAN JOSE DE CALASANZ 817,40,89000,2225,0,PARQUE CHACABUCO,7
THORNE 1356,30,50000,1667,20,PARQUE CHACABUCO,7
"VEDIA, AGUSTIN DE 2100",900,700000,778,0,PARQUE CHACABUCO,7
VERNET 109,59,115000,1949,0,PARQUE CHACABUCO,7
VERNET 196,160,360000,2250,15,PARQUE CHACABUCO,7
VERNET 300,24,57000,2375,0,PARQUE CHACABUCO,7
ZELARRAYAN 500,432,320000,741,59,PARQUE CHACABUCO,7
ZUVIRIA 1100,115,380000,3304,87,PARQUE CHACABUCO,7
ASAMBLEA 1500,20,65000,3250,6,PARQUE CHACABUCO,7
RIESTRA 5999,120,410000,3417,0,VILLA LUGANO,8
SOLDADO DE LA FRONTERA 5100,50,60000,1200,30,VILLA LUGANO,8
SOLDADO DE LA FRONTERA 5400,68,88000,1294,0,VILLA LUGANO,8
SOLDADO DE LA FRONTERA 5550,50,85000,1700,40,VILLA LUGANO,8
"VILLEGAS, CONRADO, Gral. 5400",120,60000,500,45,VILLA LUGANO,8
"VILLEGAS, CONRADO, Gral. 5400",80,42000,525,45,VILLA LUGANO,8
"VILLEGAS, CONRADO, Gral. 5400",40,22000,550,45,VILLA LUGANO,8
2 DE ABRIL DE 1982 6900,154,65000,422,30,VILLA LUGANO,8
"ALVAREZ, CRISOSTOMO 5000",600,349000,582,43,VILLA LUGANO,8
ARAUJO 2408,25,40000,1600,40,VILLA LUGANO,8
"CHILAVERT, MARTINIANO, Cnel. 5677",63,54000,857,0,VILLA LUGANO,8
ESCALADA 2225,44,120000,2727,0,VILLA LUGANO,8
MURGUIONDO 3687,76,89000,1171,60,VILLA LUGANO,8
"PERON, EVA 5900",625,600000,960,60,VILLA LUGANO,8
"PERON, EVA 6100",71,127000,1789,61,VILLA LUGANO,8
GUAMINI 4800,295,300000,1017,18,VILLA RIACHUELO,8
GUAMINI 4843,213,300000,1408,10,VILLA RIACHUELO,8
PIEDRA BUENA 4666,370,350000,946,35,VILLA RIACHUELO,8
"CHILAVERT, MARTINIANO, Cnel. 6714",18,35000,1944,31,VILLA RIACHUELO,8
"CHILAVERT, MARTINIANO, Cnel. 6807",40,120000,3000,60,VILLA RIACHUELO,8
"FERNANDEZ DE LA CRUZ, F., GRAL. 6688",160,400000,2500,50,VILLA RIACHUELO,8
O'GORMAN 400,170,1500000,8824,0,VILLA SOLDATI,8
O'GORMAN 400,401,2000000,4988,0,VILLA SOLDATI,8
RIVADAVIA 11400,40,15000,375,0,LINIERS,9
RIVADAVIA 11600,450,2300000,5111,0,LINIERS,9
SANTIAGO DE CHILE 6475,619,520000,840,8,LINIERS,9
"VIEDMA, FRANCISCO de 6500",440,500000,1136,24,LINIERS,9
"VIEDMA, FRANCISCO de 6839",125,229000,1832,50,LINIERS,9
CARHUE 20,220,550000,2500,0,LINIERS,9
CARHUE 55,14,25000,1786,30,LINIERS,9
"CASTRO, EMILIO 6400",262,325000,1240,10,LINIERS,9
"CASTRO, EMILIO 6400",260,400000,1538,1,LINIERS,9
"CASTRO, EMILIO 6400",150,400000,2667,5,LINIERS,9
"FALCON, RAMON L.,CNEL. 6775",72,235000,3264,0,LINIERS,9
"FALCON, RAMON L.,CNEL. 6800",405,450000,1111,30,LINIERS,9
"FALCON, RAMON L.,CNEL. 7000",15,29000,1933,60,LINIERS,9
"FALCON, RAMON L.,CNEL. 7200",48,240000,5000,0,LINIERS,9
FONROUGE 45,140,350000,2500,50,LINIERS,9
GANA 100,306,130000,425,0,LINIERS,9
GANA 100,71,50000,704,0,LINIERS,9
MIRALLA 400,705,1150000,1631,20,LINIERS,9
MONTIEL 1300,130,250000,1923,40,LINIERS,9
MONTIEL 30,60,118500,1975,0,LINIERS,9
PERIBEBUY 6700,147,260000,1769,50,LINIERS,9
PILAR 800,27,82000,3037,0,LINIERS,9
POLA 188,35,78000,2229,15,LINIERS,9
RESERVISTAS ARGENTINOS 300,42,80000,1905,50,LINIERS,9
RESERVISTAS ARGENTINOS 390,42,85000,2024,45,LINIERS,9
RIVADAVIA 11037,266,250000,940,50,LINIERS,9
RIVADAVIA 11300,821,2100000,2558,90,LINIERS,9
RIVADAVIA 11300,130,799000,6146,0,LINIERS,9
RIVADAVIA 11400,16,19000,1188,39,LINIERS,9
ESCALADA 800,40,110000,2750,0,MATADEROS,9
ESCALADA 913,33,50000,1515,30,MATADEROS,9
MONTIEL 1800,22,80000,3636,0,MATADEROS,9
"PERON, EVA 5700",82,140000,1707,35,MATADEROS,9
"PERON, EVA 7200",910,750000,824,30,MATADEROS,9
"RODO, JOSE E. 5600",72,98000,1361,0,MATADEROS,9
"ALBERDI, JUAN BAUTISTA 5000",60,122000,2033,60,MATADEROS,9
"ALBERDI, JUAN BAUTISTA 7200",400,435000,1088,20,MATADEROS,9
CARHUE 2600,285,250000,877,50,MATADEROS,9
DE LOS CORRALES 7192,161,200000,1242,0,MATADEROS,9
"ALBERDI, JUAN BAUTISTA 4100",544,520000,956,0,PARQUE AVELLANEDA,9
"ALBERDI, JUAN BAUTISTA 4300",130,220000,1692,80,PARQUE AVELLANEDA,9
"AMEGHINO, FLORENTINO, Dr. 1700",67,125000,1866,50,PARQUE AVELLANEDA,9
"AMEGHINO, FLORENTINO, Dr. 1914",450,250000,556,10,PARQUE AVELLANEDA,9
DIRECTORIO 3225,18,70000,3889,10,PARQUE AVELLANEDA,9
DIRECTORIO 3500,90,95000,1056,30,PARQUE AVELLANEDA,9
DIRECTORIO 3500,71,215000,3028,1,PARQUE AVELLANEDA,9
DIRECTORIO 3945,65,140000,2154,30,PARQUE AVELLANEDA,9
DIRECTORIO 4490,30,95000,3167,40,PARQUE AVELLANEDA,9
ESCALADA 1900,2300,1900000,826,0,PARQUE AVELLANEDA,9
HOMERO 752,688,530000,770,45,PARQUE AVELLANEDA,9
"LARRAÑAGA, DAMASO 600",36,50000,1389,0,PARQUE AVELLANEDA,9
MOZART 1000,145,150000,1034,80,PARQUE AVELLANEDA,9
OLIVERA 1400,21,40000,1905,0,PARQUE AVELLANEDA,9
"PERON, EVA 4300",122,249000,2041,0,PARQUE AVELLANEDA,9
OLIVERA 1061,46,67000,1457,39,PARQUE AVELLANEDA,9
"ALBERDI, JUAN BAUTISTA 4099",4408,5753000,1305,0,PARQUE AVELLANEDA,9
"ALBERDI, JUAN BAUTISTA 4099",7007,5753000,821,15,PARQUE AVELLANEDA,9
SAN NICOLAS 200,42,56300,1340,0,FLORESTA,10
SEGUROLA 200,22,80000,3636,0,FLORESTA,10
SEGUROLA 800,270,270000,1000,11,FLORESTA,10
"VALLESE, FELIPE 3600",35,88000,2514,46,FLORESTA,10
"VALLESE, FELIPE 3700",42,16000,381,35,FLORESTA,10
"ALBERDI, JUAN BAUTISTA 0",120,260000,2167,30,FLORESTA,10
"ARANGUREN, JUAN F., Dr. 3704",90,350000,3889,4,FLORESTA,10
BAHIA BLANCA 66,38,55000,1447,50,FLORESTA,10
BAHIA BLANCA 700,32,12000,375,35,FLORESTA,10
BAHIA BLANCA 700,30,14000,467,35,FLORESTA,10
CHIVILCOY 452,305,800000,2623,80,FLORESTA,10
"LAMARCA, EMILIO 100",198,1150000,5808,60,FLORESTA,10
RIVADAVIA 8100,140,248000,1771,0,FLORESTA,10
RIVADAVIA 8100,127,270000,2126,0,FLORESTA,10
RIVADAVIA 8200,1350,2000000,1481,0,FLORESTA,10
RIVADAVIA 8300,133,215000,1617,30,FLORESTA,10
RIVADAVIA 8363,20,25000,1250,20,FLORESTA,10
RIVADAVIA 8363,13,20000,1538,11,FLORESTA,10
MIRANDA 4500,29,103000,3552,0,MONTE CASTRO,10
SANABRIA 2400,125,195000,1560,50,MONTE CASTRO,10
SANTO TOME 4200,260,235000,904,60,MONTE CASTRO,10
ALVAREZ JONTE 4000,83,330000,3976,0,MONTE CASTRO,10
ALVAREZ JONTE 4900,770,2200000,2857,40,MONTE CASTRO,10
BAHIA BLANCA 2170,40,80000,2000,40,MONTE CASTRO,10
BAHIA BLANCA 2300,33,89000,2697,40,MONTE CASTRO,10
BERMUDEZ 1615,90,240000,2667,1,MONTE CASTRO,10
BERMUDEZ 2400,220,410000,1864,25,MONTE CASTRO,10
LASCANO 5000,520,540000,1038,20,MONTE CASTRO,10
LASCANO 5100,37,100000,2703,0,MONTE CASTRO,10
MARTIN FIERRO 5300,85,185000,2176,0,MONTE CASTRO,10
MIRANDA 4500,24,70000,2917,40,MONTE CASTRO,10
"ARANGUREN, JUAN F., Dr. 4500",179,349900,1955,90,VELEZ SARSFIELD,10
"ARANGUREN, JUAN F., Dr. 4599",179,349900,1955,70,VELEZ SARSFIELD,10
"BELAUSTEGUI, LUIS, Dr. 4800",400,580000,1450,40,VELEZ SARSFIELD,10
CARRASCO 900,150,339000,2260,0,VELEZ SARSFIELD,10
"JUSTO, JUAN B. 7154",163,150000,920,0,VELEZ SARSFIELD,10
"JUSTO, JUAN B. 7226",145,120000,828,20,VELEZ SARSFIELD,10
"JUSTO, JUAN B. 7451",75,150000,2000,50,VELEZ SARSFIELD,10
"JUSTO, JUAN B. 7500",127,250000,1969,15,VELEZ SARSFIELD,10
"JUSTO, JUAN B. 7800",480,395000,823,0,VELEZ SARSFIELD,10
MORETO 12,30,78000,2600,30,VELEZ SARSFIELD,10
OLIVERA 100,110,350000,3182,10,VELEZ SARSFIELD,10
RIVADAVIA 8517,420,615000,1464,40,VELEZ SARSFIELD,10
RIVADAVIA 8615,114,260000,2281,20,VELEZ SARSFIELD,10
SAN BLAS 4797,24,37000,1542,30,VELEZ SARSFIELD,10
SARACHAGA 4200,330,240000,727,45,VELEZ SARSFIELD,10
ALVAREZ JONTE 6200,68,125000,1838,0,VERSALLES,10
ARREGUI 6127,100,180000,1800,35,VERSALLES,10
ARREGUI 6167,90,295000,3278,0,VERSALLES,10
GALLARDO 600,1290,550000,426,50,VERSALLES,10
"JUSTO, JUAN B. 9300",590,520000,881,50,VERSALLES,10
"JUSTO, JUAN B. 9390",462,500000,1082,40,VERSALLES,10
ROMA 600,130,140000,1077,30,VERSALLES,10
RUIZ DE LOS LLANOS 1500,20,79000,3950,30,VERSALLES,10
RIVADAVIA 9521,205,595000,2902,3,VILLA LURO,10
"SAENZ VALIENTE, ANSELMO 21",21,52000,2476,34,VILLA LURO,10
"ALBERDI, JUAN BAUTISTA 4600",100,146000,1460,0,VILLA LURO,10
HOMERO 559,30,65000,2167,5,VILLA LURO,10
"JUSTO, JUAN B. 8500",240,250000,1042,10,VILLA LURO,10
LEOPARDI 100,42,135000,3214,0,VILLA LURO,10
LOPE DE VEGA 1700,200,490000,2450,0,VILLA LURO,10
RIVADAVIA 10100,87,130000,1494,60,VILLA LURO,10
RIVADAVIA 10100,100,360000,3600,10,VILLA LURO,10
RIVADAVIA 9218,1100,420000,382,60,VILLA LURO,10
RIVADAVIA 9400,113,200000,1770,0,VILLA LURO,10
"VARELA, JOSE PEDRO 5324",240,190000,792,40,VILLA REAL,10
"BEIRO, FRANCISCO 5500",70,195000,2786,3,VILLA REAL,10
LOPE DE VEGA 2600,490,470000,959,40,VILLA REAL,10
LOPE DE VEGA 2700,773,1200000,1552,40,VILLA REAL,10
LOPE DE VEGA 3200,50,490000,9800,25,VILLA REAL,10
NAZARRE 6100,50,75000,1500,0,VILLA REAL,10
NAZARRE 6102,200,80000,400,8,VILLA REAL,10
NOGOYA 5700,40,120000,3000,0,VILLA REAL,10
MELINCUE 3200,272,550000,2022,0,VILLA DEL PARQUE,11
NAZCA 2753,73,180000,2466,8,VILLA DEL PARQUE,11
SAN MARTIN 4500,97,136000,1402,50,VILLA DEL PARQUE,11
TINOGASTA 3100,250,230000,920,0,VILLA DEL PARQUE,11
TINOGASTA 3200,150,335000,2233,30,VILLA DEL PARQUE,11
TINOGASTA 3600,125,110000,880,45,VILLA DEL PARQUE,11
ALVAREZ JONTE 3700,1180,820000,695,0,VILLA DEL PARQUE,11
ALVAREZ JONTE 3700,1924,1340000,696,0,VILLA DEL PARQUE,11
ALVAREZ JONTE 3700,744,520000,699,0,VILLA DEL PARQUE,11
ARREGUI 3699,120,195000,1625,42,VILLA DEL PARQUE,11
"ARTIGAS, JOSE GERVASIO DE, 2600",32,90000,2812,37,VILLA DEL PARQUE,11
BOLIVIA 0,50,85000,1700,40,VILLA DEL PARQUE,11
"CARRANZA, ADOLFO P. 2800",26,59000,2269,50,VILLA DEL PARQUE,11
CUENCA 2687,126,650000,5159,40,VILLA DEL PARQUE,11
CUENCA 3117,400,800000,2000,40,VILLA DEL PARQUE,11
CUENCA 3428,300,690000,2300,0,VILLA DEL PARQUE,11
GAVILAN 2380,226,129000,571,43,VILLA DEL PARQUE,11
"GUTIERREZ, RICARDO 3200",128,295000,2305,20,VILLA DEL PARQUE,11
SAN MARTIN 6500,48,140000,2917,0,VILLA DEVOTO NORTE,11
SAN MARTIN 6930,34,130000,3824,50,VILLA DEVOTO NORTE,11
SAN MARTIN 6948,756,1000000,1323,20,VILLA DEVOTO NORTE,11
SAN MARTIN 7200,78,209000,2679,1,VILLA DEVOTO NORTE,11
SAN MARTIN 7200,20,85000,4250,1,VILLA DEVOTO NORTE,11
"CUBAS, JOSE 3400",174,250000,1437,0,VILLA DEVOTO NORTE,11
"CUBAS, JOSE 3418",174,250000,1437,35,VILLA DEVOTO NORTE,11
"CUBAS, JOSE 3783",20,99000,4950,45,VILLA DEVOTO NORTE,11
CUENCA 3600,120,375000,3125,50,VILLA DEVOTO NORTE,11
FERNANDEZ DE ENCISO 4671,26,89000,3423,35,VILLA DEVOTO NORTE,11
GUTENBERG 3700,60,95000,1583,60,VILLA DEVOTO NORTE,11
HABANA 3710,20,49000,2450,35,VILLA DEVOTO NORTE,11
"LOPEZ, CARLOS ANTONIO 3500",114,370000,3246,0,VILLA DEVOTO NORTE,11
MERCEDES 4431,30,90000,3000,35,VILLA DEVOTO NORTE,11
"MOSCONI, GRAL. 3500",196,589000,3005,0,VILLA DEVOTO NORTE,11
NUEVA YORK 3300,250,498000,1992,50,VILLA DEVOTO NORTE,11
NUEVA YORK 3307,54,130000,2407,0,VILLA DEVOTO NORTE,11
"LISTA, RAMON, CNEL. 5020",291,1200000,4124,20,VILLA DEVOTO SUR,11
"LISTA, RAMON, CNEL. 5200",165,310000,1879,0,VILLA DEVOTO SUR,11
NOGOYA 5000,74,120000,1622,38,VILLA DEVOTO SUR,11
SIMBRON 4600,60,130000,2167,50,VILLA DEVOTO SUR,11
ASUNCION 5300,50,99000,1980,30,VILLA DEVOTO SUR,11
"BEIRO, FRANCISCO 4300",312,510000,1635,35,VILLA DEVOTO SUR,11
"BEIRO, FRANCISCO 4500",300,750000,2500,50,VILLA DEVOTO SUR,11
"BEIRO, FRANCISCO 4670",53,260000,4906,45,VILLA DEVOTO SUR,11
"BEIRO, FRANCISCO 5100",120,39500,329,0,VILLA DEVOTO SUR,11
"CALDERON DE LA BARCA, PEDRO 3013",20,55000,2750,40,VILLA DEVOTO SUR,11
CANTILO 5100,32,80000,2500,40,VILLA DEVOTO SUR,11
GAONA 2800,406,900000,2217,0,VILLA GRAL. MITRE,11
GAVILAN 1698,200,282000,1410,40,VILLA GRAL. MITRE,11
"INGENIEROS, JOSE 2700",24,49000,2042,41,VILLA GRAL. MITRE,11
"JUSTO, JUAN B. 5200",109,150000,1376,64,VILLA GRAL. MITRE,11
"JUSTO, JUAN B. 5400",440,650000,1477,25,VILLA GRAL. MITRE,11
"MAGARIÑOS CERVANTES, A. 1334",29,95000,3276,10,VILLA GRAL. MITRE,11
"MAGARIÑOS CERVANTES, A. 1500",157,219000,1395,2,VILLA GRAL. MITRE,11
"MAGARIÑOS CERVANTES, A. 2500",39,88000,2256,40,VILLA GRAL. MITRE,11
SAN BLAS 1600,27,108000,4000,70,VILLA GRAL. MITRE,11
ALVAREZ JONTE 1915,37,58000,1568,40,VILLA GRAL. MITRE,11
"ALVAREZ, DONATO, Tte. Gral. 1500",82,150000,1829,0,VILLA GRAL. MITRE,11
"ALVAREZ, DONATO, Tte. Gral. 2000",59,355000,6017,0,VILLA GRAL. MITRE,11
BOLIVIA 1444,39,79000,2026,38,VILLA GRAL. MITRE,11
BOYACA 2200,45,75000,1667,30,VILLA GRAL. MITRE,11
"BUFANO, ALFREDO R. 1900",214,250000,1168,25,VILLA GRAL. MITRE,11
CAMARONES 2111,148,155000,1047,50,VILLA GRAL. MITRE,11
CARACAS 2300,148,200000,1351,40,VILLA GRAL. MITRE,11
"DIAZ, CESAR, GRAL. 2200",520,370000,712,30,VILLA GRAL. MITRE,11
GAONA 2700,104,118000,1135,0,VILLA GRAL. MITRE,11
GAONA 2700,94,115000,1223,0,VILLA GRAL. MITRE,11
GAONA 2704,110,198000,1800,50,VILLA GRAL. MITRE,11
ALVAREZ JONTE 2700,31,99000,3194,0,VILLA SANTA RITA,11
ARGERICH 1500,294,660000,2245,40,VILLA SANTA RITA,11
GAONA 3700,114,350000,3070,0,VILLA SANTA RITA,11
"MAGARIÑOS CERVANTES, A. 3000",51,207000,4059,0,VILLA SANTA RITA,11
"MAGARIÑOS CERVANTES, A. 3000",37,166800,4508,0,VILLA SANTA RITA,11
NAZCA 1300,170,230000,1353,0,VILLA SANTA RITA,11
NAZCA 2300,34,85000,2500,0,VILLA SANTA RITA,11
SAN BLAS 3300,46,65000,1413,35,VILLA SANTA RITA,11
TRES ARROYOS 2805,82,299000,3646,35,VILLA SANTA RITA,11
"BALBIN, RICARDO, DR. 3400",25,90000,3600,35,COGHLAN,12
"FREIRE, RAMON, CAP. GRAL. 2800",26,95000,3654,20,COGHLAN,12
MELIAN 3500,260,620000,2385,0,COGHLAN,12
MONROE 3728,85,135000,1588,70,COGHLAN,12
"RIVERA, PEDRO I., Dr. 4000",53,82000,1547,0,COGHLAN,12
"UGARTE, MANUEL 3500",85,209000,2459,45,COGHLAN,12
"UGARTE, MANUEL 3800",226,330000,1460,0,COGHLAN,12
"BALBIN, RICARDO, DR. 2700",160,1250000,7812,35,COGHLAN,12
"BALBIN, RICARDO, DR. 2811",33,62000,1879,35,COGHLAN,12
"BALBIN, RICARDO, DR. 3000",125,259000,2072,40,COGHLAN,12
"BALBIN, RICARDO, DR. 3400",1120,2500000,2232,0,COGHLAN,12
PLAZA 3977,90,150000,1667,50,SAAVEDRA,12
PLAZA 4171,49,71000,1449,39,SAAVEDRA,12
RUIZ HUIDOBRO 3054,70,210000,3000,50,SAAVEDRA,12
RUIZ HUIDOBRO 3200,290,299000,1031,40,SAAVEDRA,12
RUIZ HUIDOBRO 4000,57,89000,1561,35,SAAVEDRA,12
SAN ISIDRO LABRADOR 4600,20,115000,5750,37,SAAVEDRA,12
TRONADOR 3800,130,265000,2038,60,SAAVEDRA,12
TRONADOR 3900,81,145000,1790,35,SAAVEDRA,12
VEDIA 2400,120,650000,5417,0,SAAVEDRA,12
"ACHA, MARIANO, Gral. 4500",60,115000,1917,40,SAAVEDRA,12
"BALBIN, RICARDO, DR. 3695",80,450000,5625,1,SAAVEDRA,12
"BALBIN, RICARDO, DR. 3700",124,400000,3226,0,SAAVEDRA,12
"BALBIN, RICARDO, DR. 3741",146,372000,2548,0,SAAVEDRA,12
"BALBIN, RICARDO, DR. 4342",37,124000,3351,3,SAAVEDRA,12
CABILDO 4400,500,1200000,2400,0,SAAVEDRA,12
CIUDAD DE LA PAZ 3700,204,540000,2647,0,SAAVEDRA,12
"LARRALDE, CRISOLOGO 3600",85,390000,4588,5,SAAVEDRA,12
MILLER 4200,78,200000,2564,0,SAAVEDRA,12
PAROISSIEN 4100,100,75000,750,0,SAAVEDRA,12
PAROISSIEN 4400,40,135000,3375,0,SAAVEDRA,12
"ACHA, MARIANO, Gral. 3900",45,69000,1533,47,SAAVEDRA,12
CAMPANA 4400,35,89000,2543,0,VILLA PUEYRREDON,12
"CARRIL, SALVADOR MARIA DEL 2100",55,189000,3436,0,VILLA PUEYRREDON,12
CHARCAS 4900,26,90000,3462,40,VILLA PUEYRREDON,12
"CUBAS, JOSE 2600",355,420000,1183,0,VILLA PUEYRREDON,12
FRANCO 3200,16,45000,2812,2,VILLA PUEYRREDON,12
HELGUERA 4800,217,270000,1244,0,VILLA PUEYRREDON,12
"MOSCONI, GRAL. 2300",169,650000,3846,0,VILLA PUEYRREDON,12
"MOSCONI, GRAL. 3200",12,32000,2667,55,VILLA PUEYRREDON,12
NAZCA 4285,25,75000,3000,8,VILLA PUEYRREDON,12
NAZCA 4356,314,295000,939,0,VILLA PUEYRREDON,12
NAZCA 4500,90,400000,4444,0,VILLA PUEYRREDON,12
NAZCA 5200,77,165000,2143,50,VILLA PUEYRREDON,12
ZAMUDIO 4700,66,87000,1318,40,VILLA PUEYRREDON,12
"ARTIGAS, JOSE GERVASIO DE, 5709",200,350000,1750,50,VILLA PUEYRREDON,12
HOLMBERG 2400,900,2500000,2778,0,VILLA URQUIZA,12
MONROE 3800,22,42000,1909,30,VILLA URQUIZA,12
MONROE 3854,40,85000,2125,30,VILLA URQUIZA,12
MONROE 4000,76,195000,2566,35,VILLA URQUIZA,12
NAHUEL HUAPI 4246,70,179900,2570,0,VILLA URQUIZA,12
"NAON, ROMULO 2400",60,160000,2667,0,VILLA URQUIZA,12
"ACHA, MARIANO, Gral. 2500",8,19000,2375,0,VILLA URQUIZA,12
LA PAMPA 2700,57,108000,1895,15,BELGRANO,13
LA PAMPA 2800,101,280000,2772,100,BELGRANO,13
"LORETO, Virrey 2400",500,2200000,4400,0,BELGRANO,13
MOLDES 2100,81,345000,4259,0,BELGRANO,13
MONROE 1700,22,70000,3182,40,BELGRANO,13
MONROE 2300,375,1500000,4000,0,BELGRANO,13
MONROE 2400,70,290000,4143,0,BELGRANO,13
MONROE 2500,46,220000,4783,60,BELGRANO,13
MONROE 2700,129,265000,2054,40,BELGRANO,13
MONROE 3100,660,2020000,3061,0,BELGRANO,13
"NAON, ROMULO 2189",25,150000,6000,40,BELGRANO,13
O'HIGGINS 2100,40,150000,3750,20,BELGRANO,13
OLAZABAL 2000,435,1050000,2414,30,BELGRANO,13
OLAZABAL 2500,88,250000,2841,35,BELGRANO,13
OLAZABAL 2500,33,170000,5152,40,BELGRANO,13
OLAZABAL 2900,37,89900,2430,5,BELGRANO,13
OLAZABAL 3650,38,105000,2763,43,BELGRANO,13
OLLEROS 1600,136,950000,6985,0,BELGRANO,13
"RIVERA, PEDRO I., Dr. 2900",46,85000,1848,20,BELGRANO,13
"RIVERA, PEDRO I., Dr. 2900",164,590000,3598,0,BELGRANO,13
ROOSEVELT FRANKLIN D. 2500,74,149000,2014,30,BELGRANO,13
"SUCRE, ANTONIO JOSE de, Mcal. 1300",150,1250000,8333,25,BELGRANO,13
"SUCRE, ANTONIO JOSE de, Mcal. 1500",100,400000,4000,1,BELGRANO,13
"SUCRE, ANTONIO JOSE de, Mcal. 3000",20,180000,9000,0,BELGRANO,13
"SUCRE, ANTONIO JOSE de, Mcal. 950",36,134000,3722,2,BELGRANO,13
"UGARTE, MANUEL 1500",687,4000000,5822,40,BELGRANO,13
"UGARTE, MANUEL 1708",75,425000,5667,1,BELGRANO,13
VIDAL 1800,50,200000,4000,7,BELGRANO,13
VUELTA DE OBLIGADO 1973,22,61000,2773,45,BELGRANO,13
ZAPIOLA 1790,48,99000,2062,40,BELGRANO,13
ZAPIOLA 2000,12,18000,1500,0,BELGRANO,13
JURAMENTO 1300,657,2700000,4110,0,BELGRANO,13
JURAMENTO 1548,28,210000,7500,50,BELGRANO,13
JURAMENTO 1600,10,40000,4000,0,BELGRANO,13
JURAMENTO 2807,20,90000,4500,0,BELGRANO,13
JURAMENTO 2900,37,185000,5000,0,BELGRANO,13
JURAMENTO 3101,291,550000,1890,70,BELGRANO,13
LA PAMPA 2000,40,129000,3225,40,BELGRANO,13
LA PAMPA 2000,26,185000,7115,0,BELGRANO,13
LA PAMPA 2300,70,660000,9429,30,BELGRANO,13
SUPERI 1400,35,66000,1886,0,COLEGIALES,13
ZAPIOLA 1500,340,560000,1647,20,COLEGIALES,13
"ALVAREZ, THOMAS 1000",186,415000,2231,5,COLEGIALES,13
"ALVAREZ, THOMAS 1002",162,79000,488,5,COLEGIALES,13
"ALVAREZ, THOMAS 1300",257,420000,1634,40,COLEGIALES,13
"ALVAREZ, THOMAS 300",37,180000,4865,10,COLEGIALES,13
AMENABAR 1200,49,195000,3980,0,COLEGIALES,13
AMENABAR 800,64,150000,2344,0,COLEGIALES,13
CIUDAD DE LA PAZ 1069,81,198000,2444,44,COLEGIALES,13
CIUDAD DE LA PAZ 1100,82,205000,2500,0,COLEGIALES,13
CIUDAD DE LA PAZ 500,97,188000,1938,35,COLEGIALES,13
CONDE 1200,172,475000,2762,6,COLEGIALES,13
CONDE 1400,47,95000,2021,0,COLEGIALES,13
"FREIRE, RAMON, CAP. GRAL. 1300",71,115000,1620,30,COLEGIALES,13
"GARCIA, TEODORO 3209",60,240000,4000,25,COLEGIALES,13
"LACROZE, FEDERICO 3500",57,190000,3333,0,COLEGIALES,13
"LORETO, Virrey 3600",162,180000,1111,35,COLEGIALES,13
"NEWBERY, JORGE 3400",145,450000,3103,3,COLEGIALES,13
"OLAGUER Y FELIU, Virrey 2400",61,215000,3525,0,COLEGIALES,13
PALPA 2450,78,144999,1859,35,COLEGIALES,13
CABILDO 4800,120,650000,5417,3,NUÑEZ,13
CABILDO 4900,50,155000,3100,0,NUÑEZ,13
CAMPOS SALLES 2350,47,135000,2872,30,NUÑEZ,13
CIUDAD DE LA PAZ 3500,354,470000,1328,0,NUÑEZ,13
CONGRESO 2560,65,340000,5231,0,NUÑEZ,13
CONGRESO 2580,62,350000,5645,0,NUÑEZ,13
CRAMER 3600,25,69500,2780,0,NUÑEZ,13
DEL LIBERTADOR 6800,260,950000,3654,0,NUÑEZ,13
DEL LIBERTADOR 6800,180,980000,5444,0,NUÑEZ,13
DEL LIBERTADOR 6800,180,1000000,5556,0,NUÑEZ,13
DEL LIBERTADOR 8200,383,2300000,6005,0,NUÑEZ,13
GUAYRA 2257,37,89000,2405,37,NUÑEZ,13
IBERA 2184,58,89000,1534,0,NUÑEZ,13
"LARRALDE, CRISOLOGO 2400",207,410000,1981,0,NUÑEZ,13
MOLDES 3000,24,66500,2771,0,NUÑEZ,13
NUNEZ 2200,24,75000,3125,30,NUÑEZ,13
NUNEZ 2600,33,85000,2576,38,NUÑEZ,13
"PAZ, GRAL. 600",81,280000,3457,30,NUÑEZ,13
"PEDRAZA, MANUELA 1700",600,720000,1200,45,NUÑEZ,13
"PEDRAZA, MANUELA 1700",450,680000,1511,80,NUÑEZ,13
QUESADA 2100,39,90000,2308,40,NUÑEZ,13
QUESADA 2600,170,800000,4706,18,NUÑEZ,13
RAMALLO 1700,95,690000,7263,0,NUÑEZ,13
VIDAL 2900,19,71000,3737,25,NUÑEZ,13
11 DE SEPTIEMBRE DE 1888 3100,500,920000,1840,20,NUÑEZ,13
AZURDUY JUANA 2200,600,1300000,2167,0,NUÑEZ,13
AZURDUY JUANA 2481,144,370000,2569,1,NUÑEZ,13
CABILDO 3299,47,519000,11043,31,NUÑEZ,13
CABILDO 3600,181,380000,2099,45,NUÑEZ,13
CABILDO 4700,232,480000,2069,0,NUÑEZ,13
CABILDO 4769,387,1296000,3349,0,NUÑEZ,13
ZAPALA 100,20,80000,4000,0,PALERMO,14
ZAPALA 187,25,82000,3280,0,PALERMO,14
ZAPATA 301,85,450000,5294,0,PALERMO,14
"ACUÑA DE FIGUEROA, FRANCISCO 1500",37,190000,5135,1,PALERMO,14
"ACUÑA DE FIGUEROA, FRANCISCO 1600",68,110000,1618,40,PALERMO,14
"ALVAREZ, JULIAN 1128",189,530000,2804,60,PALERMO,14
ANASAGASTI 2000,540,1500000,2778,88,PALERMO,14
ARAOZ 2400,211,980000,4645,20,PALERMO,14
ARCE 700,21,160000,7619,30,PALERMO,14
ARENALES 3500,41,240000,5854,5,PALERMO,14
AREVALO 1400,24,108000,4500,21,PALERMO,14
AREVALO 2800,210,990000,4714,0,PALERMO,14
AREVALO 2800,216,1100000,5093,0,PALERMO,14
ARMENIA 1933,90,650000,7222,2,PALERMO,14
ARMENIA 2000,74,490000,6622,0,PALERMO,14
ARMENIA 2031,240,680000,2833,9,PALERMO,14
ARMENIA 2300,145,450000,3103,4,PALERMO,14
BAEZ 200,225,1100000,4889,0,PALERMO,14
BAEZ 200,216,1100000,5093,0,PALERMO,14
BAEZ 300,400,1200000,3000,0,PALERMO,14
BAEZ 300,350,1400000,4000,0,PALERMO,14
BERUTI 3334,150,630000,4200,0,PALERMO,14
BERUTI 3336,41,130000,3171,15,PALERMO,14
BONPLAND 1400,66,200000,3030,10,PALERMO,14
BONPLAND 1500,41,170000,4146,10,PALERMO,14
BONPLAND 1500,25,105000,4200,25,PALERMO,14
BONPLAND 1600,63,229000,3635,0,PALERMO,14
BONPLAND 1700,338,830000,2456,0,PALERMO,14
BONPLAND 2029,45,220000,4889,0,PALERMO,14
BONPLAND 2239,93,255000,2742,50,PALERMO,14
BONPLAND 2287,37,220000,5946,0,PALERMO,14
BONPLAND 2385,48,200000,4167,0,PALERMO,14
"BORGES, JORGE LUIS 1700",35,500000,14286,0,PALERMO,14
"BORGES, JORGE LUIS 1905",347,850000,2450,0,PALERMO,14
"BORGES, JORGE LUIS 2100",255,790000,3098,0,PALERMO,14
"BORGES, JORGE LUIS 2300",95,318000,3347,0,PALERMO,14
BULNES 1400,480,670000,1396,60,PALERMO,14
BULNES 1600,362,1300000,3591,80,PALERMO,14
BULNES 1700,180,1100000,6111,0,PALERMO,14
BULNES 1800,178,1100000,6180,20,PALERMO,14
BULNES 2500,350,1400000,4000,0,PALERMO,14
BULNES 2500,277,1400000,5054,0,PALERMO,14
CABELLO 3400,71,354000,4986,2,PALERMO,14
CABELLO 3426,71,320000,4507,1,PALERMO,14
CABELLO 3600,109,800000,7339,0,PALERMO,14
CABILDO 100,53,120000,2264,20,PALERMO,14
CABILDO 200,57,400000,7018,0,PALERMO,14
CABILDO 400,65,390000,6000,40,PALERMO,14
"CABRERA, JOSE A. 3782",106,290000,2736,1,PALERMO,14
"CABRERA, JOSE A. 3798",30,86000,2867,0,PALERMO,14
"CABRERA, JOSE A. 5100",200,800000,4000,0,PALERMO,14
"CABRERA, JOSE A. 6000",175,440000,2514,3,PALERMO,14
"CAMPOS, LUIS M. 1300",127,580000,4567,30,PALERMO,14
"CAMPOS, LUIS M. 800",83,510000,6145,40,PALERMO,14
"CARRANZA, ANGEL JUSTINIANO 1500",130,780000,6000,0,PALERMO,14
"CARRANZA, ANGEL JUSTINIANO 2235",255,800000,3137,5,PALERMO,14
"CARRANZA, ANGEL JUSTINIANO 2300",94,400000,4255,0,PALERMO,14
CERVIÑO 3300,100,620000,6200,20,PALERMO,14
CERVIÑO 3387,50,25000,500,5,PALERMO,14
CHARCAS 4400,235,639000,2719,46,PALERMO,14
CHARCAS 4700,85,315000,3706,40,PALERMO,14
CHARCAS 4700,65,350000,5385,44,PALERMO,14
CHARCAS 4719,206,699000,3393,0,PALERMO,14
CIUDAD DE LA PAZ 200,243,570000,2346,15,PALERMO,14
CORDOBA 3600,1930,5500000,2850,0,PALERMO,14
CORDOBA 3700,400,1200000,3000,0,PALERMO,14
CORDOBA 4000,127,250000,1969,20,PALERMO,14
CORDOBA 4100,180,320000,1778,4,PALERMO,14
CORDOBA 4200,480,1950000,4062,35,PALERMO,14
CORDOBA 4400,110,589000,5355,15,PALERMO,14
CORDOBA 4500,570,1100000,1930,60,PALERMO,14
CORDOBA 4500,100,430000,4300,0,PALERMO,14
CORDOBA 4800,231,900000,3896,10,PALERMO,14
CORDOBA 4800,89,395000,4438,25,PALERMO,14
COSTA RICA 4100,35,119500,3414,35,PALERMO,14
COSTA RICA 4800,340,950000,2794,50,PALERMO,14
COSTA RICA 5100,252,650000,2579,0,PALERMO,14
COSTA RICA 5545,220,700000,3182,4,PALERMO,14
"DIAZ, CNEL. 1700",203,580000,2857,25,PALERMO,14
"DUMONT, SANTOS 2459",25,105000,4200,35,PALERMO,14
EL SALVADOR 4400,122,420000,3443,4,PALERMO,14
EL SALVADOR 4800,140,1100000,7857,0,PALERMO,14
EL SALVADOR 5500,350,710000,2029,60,PALERMO,14
EL SALVADOR 5800,200,580000,2900,50,PALERMO,14
FITZ ROY 2100,90,298000,3311,2,PALERMO,14
FITZ ROY 2100,72,249000,3458,2,PALERMO,14
FITZ ROY 2100,60,215000,3583,10,PALERMO,14
FRAY JUSTO SANTAMARIA DE ORO 100,118,400000,3390,0,PALERMO,14
FRAY JUSTO SANTAMARIA DE ORO 2300,31,115000,3710,45,PALERMO,14
FRAY JUSTO SANTAMARIA DE ORO 2600,100,470000,4700,0,PALERMO,14
FRENCH 3500,43,250000,5814,0,PALERMO,14
"GARCIA, TEODORO 1800",50,200000,4000,50,PALERMO,14
"GARCIA, TEODORO 1847",46,160000,3478,46,PALERMO,14
GASCON 1600,21,79000,3762,40,PALERMO,14
GODOY CRUZ 1700,415,900000,2169,0,PALERMO,14
GODOY CRUZ 1700,125,465000,3720,10,PALERMO,14
GODOY CRUZ 1700,168,790000,4702,0,PALERMO,14
GORRITI 3700,42,240000,5714,5,PALERMO,14
GORRITI 4100,29,120000,4138,9,PALERMO,14
GORRITI 4400,65,180000,2769,0,PALERMO,14
GORRITI 4600,1000,850000,850,30,PALERMO,14
GORRITI 4700,96,1250000,13021,50,PALERMO,14
GORRITI 4700,370,1250000,3378,40,PALERMO,14
GORRITI 5900,193,600000,3109,60,PALERMO,14
GUATEMALA 4400,130,309800,2383,36,PALERMO,14
GUATEMALA 4549,267,1250000,4682,40,PALERMO,14
GUATEMALA 5500,200,525000,2625,9,PALERMO,14
GUEMES 3782,194,490000,2526,0,PALERMO,14
GUEMES 3917,27,125000,4630,50,PALERMO,14
GUEMES 4500,26,95000,3654,40,PALERMO,14
GUEMES 4800,75,342000,4560,0,PALERMO,14
GURRUCHAGA 1500,100,800000,8000,0,PALERMO,14
GURRUCHAGA 1900,90,690000,7667,60,PALERMO,14
GURRUCHAGA 2434,102,260000,2549,0,PALERMO,14
HONDURAS 1400,97,179500,1851,6,PALERMO,14
HONDURAS 3861,37,165000,4459,6,PALERMO,14
HONDURAS 4153,100,179900,1799,0,PALERMO,14
HONDURAS 4600,270,790000,2926,40,PALERMO,14
HONDURAS 5200,200,980000,4900,50,PALERMO,14
HONDURAS 5300,108,750000,6944,0,PALERMO,14
HONDURAS 6000,230,590000,2565,0,PALERMO,14
HUMBOLDT 1400,168,549000,3268,0,PALERMO,14
HUMBOLDT 2337,252,650000,2579,0,PALERMO,14
JUNCAL 3600,40,220000,5500,10,PALERMO,14
LAFINUR 2900,75,385000,5133,0,PALERMO,14
LAFINUR 2900,70,395000,5643,0,PALERMO,14
"LAS HERAS, GRAL. 3000",277,2100000,7581,0,PALERMO,14
"LAS HERAS, GRAL. 3500",160,650000,4062,0,PALERMO,14
"LAS HERAS, GRAL. 3600",700,4000000,5714,0,PALERMO,14
"LAS HERAS, GRAL. 3699",700,4200000,6000,0,PALERMO,14
"LAS HERAS, GRAL. 3700",780,4200000,5385,0,PALERMO,14
"LAS HERAS, GRAL. 3700",60,385000,6417,0,PALERMO,14
MALABIA 1200,20,89200,4460,45,PALERMO,14
MALABIA 1200,20,135000,6750,30,PALERMO,14
MALABIA 1400,32,137000,4281,20,PALERMO,14
MALABIA 1500,240,1390000,5792,8,PALERMO,14
MALABIA 2000,20,89000,4450,0,PALERMO,14
MALABIA 2400,200,700000,3500,10,PALERMO,14
"MATIENZO, BENJAMIN,TTE. 1500",45,200000,4444,5,PALERMO,14
"MATIENZO, BENJAMIN,TTE. 1500",50,230000,4600,0,PALERMO,14
"MATIENZO, BENJAMIN,TTE. 1600",50,240000,4800,0,PALERMO,14
"MATIENZO, BENJAMIN,TTE. 2400",65,150000,2308,0,PALERMO,14
"MATIENZO, BENJAMIN,TTE. 2489",79,292300,3700,0,PALERMO,14
"MATIENZO, BENJAMIN,TTE. 2500",338,2800000,8284,0,PALERMO,14
MAURE 1600,34,390000,11471,20,PALERMO,14
MEDRANO 1126,100,229000,2290,0,PALERMO,14
MIGUELETES 700,52,240000,4615,40,PALERMO,14
MIGUELETES 700,50,250000,5000,6,PALERMO,14
MIGUELETES 757,70,350000,5000,0,PALERMO,14
"NEWBERY, JORGE 400",243,140000,576,30,PALERMO,14
NICARAGUA 4300,20,90000,4500,40,PALERMO,14
NICARAGUA 4600,340,1500000,4412,9,PALERMO,14
NICARAGUA 5500,127,340000,2677,0,PALERMO,14
OLLEROS 2400,48,315000,6562,0,PALERMO,14
ORTEGA Y GASSET 1800,185,498000,2692,4,PALERMO,14
ORTIZ DE OCAMPO 2500,148,450000,3041,20,PALERMO,14
ORTIZ DE OCAMPO 2600,216,350000,1620,0,PALERMO,14
PARAGUAY 3800,36,140000,3889,40,PALERMO,14
PARAGUAY 4200,79,190000,2405,40,PALERMO,14
PARAGUAY 4300,85,210000,2471,45,PALERMO,14
PARAGUAY 4500,91,260000,2857,15,PALERMO,14
PARAGUAY 5100,61,300000,4918,60,PALERMO,14
PARAGUAY 5200,35,189000,5400,35,PALERMO,14
PARAGUAY 5300,30,350000,11667,20,PALERMO,14
PAUNERO 2734,63,350000,5556,1,PALERMO,14
REPUBLICA DE ESLOVENIA 1816,32,115000,3594,45,PALERMO,14
REPUBLICA DE ESLOVENIA 1900,160,445000,2781,4,PALERMO,14
REPUBLICA DE ESLOVENIA 1900,120,420000,3500,0,PALERMO,14
REPUBLICA DE LA INDIA 3139,144,685000,4757,40,PALERMO,14
REPUBLICA DOMINICANA 3300,86,510000,5930,0,PALERMO,14
"SALGUERO, JERONIMO 1200",65,220000,3385,20,PALERMO,14
"SALGUERO, JERONIMO 1382",48,98000,2042,40,PALERMO,14
"SALGUERO, JERONIMO 1400",154,379000,2461,89,PALERMO,14
"SALGUERO, JERONIMO 1604",125,600000,4800,3,PALERMO,14
"SALGUERO, JERONIMO 1800",8,13000,1625,0,PALERMO,14
"SALGUERO, JERONIMO 1800",52,230000,4423,40,PALERMO,14
SANTA FE 3500,24,30000,1250,0,PALERMO,14
SANTA FE 4200,315,510000,1619,0,PALERMO,14
SANTA FE 4400,60,750000,12500,30,PALERMO,14
SANTA FE 4400,18,35000,1944,40,PALERMO,14
SANTA FE 5000,216,1100000,5093,0,PALERMO,14
SANTA FE 5051,219,1100000,5023,40,PALERMO,14
SARMIENTO 3000,59,89000,1508,58,PALERMO,14
SARMIENTO 3000,20,35000,1750,40,PALERMO,14
SARMIENTO 4200,30,92000,3067,40,PALERMO,14
"SCALABRINI ORTIZ, RAUL 1600",129,295000,2287,45,PALERMO,14
"SCALABRINI ORTIZ, RAUL 1700",39,110000,2821,34,PALERMO,14
"SCALABRINI ORTIZ, RAUL 1800",56,190000,3393,50,PALERMO,14
"SCALABRINI ORTIZ, RAUL 1800",140,750000,5357,50,PALERMO,14
"SCALABRINI ORTIZ, RAUL 2000",300,1599999,5333,0,PALERMO,14
"SCALABRINI ORTIZ, RAUL 3700",93,199900,2149,40,PALERMO,14
"SEGUI, JUAN FRANCISCO 3500",127,360000,2835,0,PALERMO,14
SOLDADO DE LA INDEPENDEN. 1300,37,118000,3189,30,PALERMO,14
SOLDADO DE LA INDEPENDEN. 700,22,160000,7273,35,PALERMO,14
SOLDADO DE LA INDEPENDEN. 900,276,850000,3080,0,PALERMO,14
SOLER 4477,72,205000,2847,50,PALERMO,14
SOLER 6000,130,499900,3845,2,PALERMO,14
SOLER 6000,150,700000,4667,0,PALERMO,14
THAMES 1400,420,1200000,2857,0,PALERMO,14
THAMES 1700,30,219000,7300,0,PALERMO,14
THAMES 1800,150,280000,1867,0,PALERMO,14
THAMES 2000,400,990000,2475,100,PALERMO,14
UGARTECHE 3100,60,380000,6333,0,PALERMO,14
URIARTE 1400,40,115000,2875,30,PALERMO,14
URIARTE 1500,75,285000,3800,20,PALERMO,14
URIARTE 1600,177,990000,5593,50,PALERMO,14
URIARTE 2000,50,190000,3800,0,PALERMO,14
"VEGA, NICETO, Cnel. 5500",60,155000,2583,35,PALERMO,14
"VEGA, NICETO, Cnel. 5500",180,599000,3328,0,PALERMO,14
"VEGA, NICETO, Cnel. 5600",139,335000,2410,0,PALERMO,14
VIDT 1900,135,150000,1111,45,PALERMO,14
VIDT 1900,233,450000,1931,0,PALERMO,14
VIDT 1900,173,450000,2601,25,PALERMO,14
VIDT 1900,50,170000,3400,0,PALERMO,14
ZAPALA 100,20,79000,3950,0,PALERMO,14
SAN MARTIN 4630,39,125000,3205,2,AGRONOMIA,15
SAN MARTIN 6100,100,285000,2850,0,AGRONOMIA,15
SAN MARTIN 6100,65,189000,2908,40,AGRONOMIA,15
SAN MARTIN 6212,48,120000,2500,50,AGRONOMIA,15
"ARTIGAS, JOSE GERVASIO DE, 3800",313,360000,1150,30,AGRONOMIA,15
ASUNCION 2600,195,234900,1205,50,AGRONOMIA,15
"MORAN, PEDRO 2493",25,98500,3940,40,AGRONOMIA,15
GUEVARA 500,40,139900,3498,0,CHACARITA,15
"LACROZE, FEDERICO 3600",22,35000,1591,50,CHACARITA,15
"LACROZE, FEDERICO 3600",90,250000,2778,0,CHACARITA,15
"LACROZE, FEDERICO 4000",1342,1350000,1006,0,CHACARITA,15
LEIVA 4400,45,68000,1511,42,CHACARITA,15
"LEMOS, JUAN GREGORIO, Gral. 200",25,79900,3196,2,CHACARITA,15
OLLEROS 4144,94,390000,4149,0,CHACARITA,15
"RAMIREZ DE VELAZCO, JUAN 1500",26,75000,2885,30,CHACARITA,15
ROSETI 900,237,349000,1473,35,CHACARITA,15
VERA 1400,88,210000,2386,0,CHACARITA,15
CORRIENTES 6400,75,189900,2532,0,CHACARITA,15
DORREGO 1600,128,400000,3125,6,CHACARITA,15
FOREST 1100,120,255000,2125,0,CHACARITA,15
FOREST 300,535,780000,1458,40,CHACARITA,15
FOREST 300,44,125000,2841,0,CHACARITA,15
FOREST 300,200,186000,930,40,CHACARITA,15
FOREST 317,200,350000,1750,80,CHACARITA,15
BONPLAND 821,20,54000,2700,50,CHACARITA,15
CALDAS 300,199,210000,1055,70,CHACARITA,15
CASTILLO 1500,23,55000,2391,7,CHACARITA,15
CORDOBA 5700,100,225000,2250,5,CHACARITA,15
CORDOBA 6275,128,800000,6250,0,CHACARITA,15
CORRIENTES 6300,99,190000,1919,15,CHACARITA,15
DE LOS CONSTITUYENTES 3600,56,120000,2143,40,PARQUE CHAS,15
COMBATIENTES DE MALVINAS 3000,3700,8000000,2162,25,PARQUE CHAS,15
WARNES 1600,120,340000,2833,40,PATERNAL,15
WARNES 1700,180,330000,1833,0,PATERNAL,15
YERUA 5000,35,160000,4571,0,PATERNAL,15
ALVAREZ JONTE 2200,200,400000,2000,0,PATERNAL,15
CHORROARIN 700,88,145000,1648,55,PATERNAL,15
CHORROARIN 701,88,145000,1648,55,PATERNAL,15
CUCHA CUCHA 2500,35,62500,1786,35,PATERNAL,15
CUCHA CUCHA 2791,77,65000,844,40,PATERNAL,15
"LAMAS, ANDRES 2400",438,495000,1130,50,PATERNAL,15
MATURIN 2300,546,600000,1099,35,PATERNAL,15
"RODRIGUEZ, MANUEL A., GRAL 2749",220,450000,2045,20,PATERNAL,15
SAN MARTIN 2600,24,39000,1625,30,PATERNAL,15
"TRELLES, MANUEL R. 2600",250,275000,1100,40,PATERNAL,15
WARNES 1600,174,300000,1724,0,PATERNAL,15
CORRIENTES 5200,26,95000,3654,40,VILLA CRESPO,15
CORRIENTES 5400,260,2800000,10769,20,VILLA CRESPO,15
CORRIENTES 5500,180,269000,1494,0,VILLA CRESPO,15
CORRIENTES 5600,32,279000,8719,45,VILLA CRESPO,15
CORRIENTES 5700,564,600000,1064,45,VILLA CRESPO,15
DORREGO 223,185,330000,1784,0,VILLA CRESPO,15
DORREGO 300,150,160000,1067,65,VILLA CRESPO,15
DORREGO 311,150,160000,1067,65,VILLA CRESPO,15
"DRAGO, LUIS MARIA 100",360,410000,1139,55,VILLA CRESPO,15
"DRAGO, LUIS MARIA 300",40,149000,3725,45,VILLA CRESPO,15
"FIGUEROA, APOLINARIO, Cnel. 100",350,440000,1257,0,VILLA CRESPO,15
FITZ ROY 0,130,285000,2192,40,VILLA CRESPO,15
FITZ ROY 100,130,265000,2038,0,VILLA CRESPO,15
FITZ ROY 100,130,285000,2192,40,VILLA CRESPO,15
"FRIAS,  EUSTAQUIO, TTE. GRAL. 200",115,210000,1826,3,VILLA CRESPO,15
GODOY CRUZ 1200,428,690000,1612,40,VILLA CRESPO,15
GURRUCHAGA 1000,120,750000,6250,0,VILLA CRESPO,15
GURRUCHAGA 1001,90,690000,7667,0,VILLA CRESPO,15
GURRUCHAGA 100,84,225999,2690,40,VILLA CRESPO,15
GURRUCHAGA 300,60,150000,2500,0,VILLA CRESPO,15
GURRUCHAGA 785,144,1300000,9028,0,VILLA CRESPO,15
GURRUCHAGA 800,93,980000,10538,8,VILLA CRESPO,15
GURRUCHAGA 800,80,900000,11250,4,VILLA CRESPO,15
GURRUCHAGA 800,160,865000,5406,20,VILLA CRESPO,15
GURRUCHAGA 900,230,980000,4261,5,VILLA CRESPO,15
GURRUCHAGA 900,300,1700000,5667,3,VILLA CRESPO,15
GURRUCHAGA 950,331,1700000,5136,0,VILLA CRESPO,15
GURRUCHAGA 974,180,1100000,6111,5,VILLA CRESPO,15
JUFRE 400,800,1200000,1500,30,VILLA CRESPO,15
JUFRE 900,23,70000,3043,0,VILLA CRESPO,15
"JUSTO, JUAN B. 2000",225,590000,2622,0,VILLA CRESPO,15
"JUSTO, JUAN B. 2200",140,195000,1393,35,VILLA CRESPO,15
"JUSTO, JUAN B. 2200",140,200000,1429,35,VILLA CRESPO,15
"JUSTO, JUAN B. 2300",42,115000,2738,0,VILLA CRESPO,15
"JUSTO, JUAN B. 2400",115,300000,2609,20,VILLA CRESPO,15
"JUSTO, JUAN B. 2500",30,115000,3833,0,VILLA CRESPO,15
"JUSTO, JUAN B. 2600",56,135000,2411,0,VILLA CRESPO,15
"JUSTO, JUAN B. 2600",56,240000,4286,0,VILLA CRESPO,15
"JUSTO, JUAN B. 2800",334,600000,1796,10,VILLA CRESPO,15
"JUSTO, JUAN B. 2932",371,550000,1482,0,VILLA CRESPO,15
"JUSTO, JUAN B. 3200",80,390000,4875,0,VILLA CRESPO,15
"JUSTO, JUAN B. 3300",235,850000,3617,0,VILLA CRESPO,15
"JUSTO, JUAN B. 3900",16,75000,4688,50,VILLA CRESPO,15
LAVALLEJA 1100,145,290000,2000,20,VILLA CRESPO,15
LAVALLEJA 400,72,230000,3194,50,VILLA CRESPO,15
LAVALLEJA 600,32,92000,2875,1,VILLA CRESPO,15
LERMA 400,33,120000,3636,30,VILLA CRESPO,15
LOYOLA 600,186,490000,2634,20,VILLA CRESPO,15
LOYOLA 600,219,950000,4338,10,VILLA CRESPO,15
LOYOLA 620,90,420000,4667,0,VILLA CRESPO,15
LOYOLA 700,170,350000,2059,5,VILLA CRESPO,15
LOYOLA 700,115,399000,3470,0,VILLA CRESPO,15
LOYOLA 700,80,420000,5250,4,VILLA CRESPO,15
LOYOLA 700,60,365000,6083,11,VILLA CRESPO,15
LOYOLA 800,200,500000,2500,5,VILLA CRESPO,15
LOYOLA 850,17,92000,5412,20,VILLA CRESPO,15
MALABIA 338,100,420000,4200,5,VILLA CRESPO,15
MALABIA 500,355,790000,2225,23,VILLA CRESPO,15
MALABIA 624,42,140000,3333,32,VILLA CRESPO,15
MALABIA 800,400,630000,1575,0,VILLA CRESPO,15
MARTINEZ ROSAS 1100,160,320000,2000,0,VILLA CRESPO,15
MUÑECAS 800,56,77000,1375,25,VILLA CRESPO,15
MURILLO 200,30,70000,2333,0,VILLA CRESPO,15
MURILLO 600,45,219000,4867,0,VILLA CRESPO,15
MURILLO 600,60,299000,4983,0,VILLA CRESPO,15
MURILLO 900,30,80000,2667,0,VILLA CRESPO,15
OLAYA 1700,270,420000,1556,35,VILLA CRESPO,15
PADILLA 300,60,149000,2483,0,VILLA CRESPO,15
PADILLA 300,82,250000,3049,30,VILLA CRESPO,15
PADILLA 500,379,295000,778,50,VILLA CRESPO,15
PADILLA 600,56,130000,2321,50,VILLA CRESPO,15
PADILLA 600,40,130000,3250,60,VILLA CRESPO,15
PADILLA 700,29,84000,2897,60,VILLA CRESPO,15
"PUEYRREDON, HONORIO, DR. 1100",40,138900,3472,0,VILLA CRESPO,15
"PUEYRREDON, HONORIO, DR. 1100",40,149800,3745,0,VILLA CRESPO,15
"PUEYRREDON, HONORIO, DR. 1200",80,165000,2062,30,VILLA CRESPO,15
"PUEYRREDON, HONORIO, DR. 1900",240,690000,2875,0,VILLA CRESPO,15
"PUEYRREDON, HONORIO, DR. 2000",50,450000,9000,0,VILLA CRESPO,15
"RAMIREZ DE VELAZCO, JUAN 100",116,250000,2155,40,VILLA CRESPO,15
"RAMIREZ DE VELAZCO, JUAN 500",37,189000,5108,20,VILLA CRESPO,15
"RAMIREZ DE VELAZCO, JUAN 600",80,230000,2875,80,VILLA CRESPO,15
"RAMIREZ DE VELAZCO, JUAN 600",60,220000,3667,0,VILLA CRESPO,15
"RAMIREZ DE VELAZCO, JUAN 880",90,320000,3556,10,VILLA CRESPO,15
"SCALABRINI ORTIZ, RAUL 0",205,375000,1829,60,VILLA CRESPO,15
"SCALABRINI ORTIZ, RAUL 1000",540,2800000,5185,30,VILLA CRESPO,15
"SCALABRINI ORTIZ, RAUL 260",401,180000,449,26,VILLA CRESPO,15
"SCALABRINI ORTIZ, RAUL 400",605,530000,876,30,VILLA CRESPO,15
"SCALABRINI ORTIZ, RAUL 500",230,400000,1739,50,VILLA CRESPO,15
SERRANO 300,23,150000,6522,35,VILLA CRESPO,15
SERRANO 400,564,680000,1206,0,VILLA CRESPO,15
SERRANO 400,76,185000,2434,60,VILLA CRESPO,15
SERRANO 400,65,250000,3846,40,VILLA CRESPO,15
SERRANO 500,250,285000,1140,40,VILLA CRESPO,15
SERRANO 916,35,200000,5714,0,VILLA CRESPO,15
"SUSINI, ANTONIO, Cnel. 2300",45,120000,2667,50,VILLA CRESPO,15
THAMES 1200,104,230000,2212,30,VILLA CRESPO,15
THAMES 600,125,350000,2800,0,VILLA CRESPO,15
TRES LOMAS 500,157,298000,1898,50,VILLA CRESPO,15
URIARTE 1100,12,80000,6667,50,VILLA CRESPO,15
URIARTE 900,320,460000,1438,50,VILLA CRESPO,15
VERA 1150,95,110000,1158,30,VILLA CRESPO,15
VERA 301,204,290000,1422,0,VILLA CRESPO,15
VERA 900,155,250000,1613,0,VILLA CRESPO,15
"VIALE, LUIS 200",62,75000,1210,40,VILLA CRESPO,15
"VIALE, LUIS 261",80,150000,1875,50,VILLA CRESPO,15
WARNES 100,44,90000,2045,0,VILLA CRESPO,15
WARNES 1051,600,1300000,2167,60,VILLA CRESPO,15
WARNES 400,220,490000,2227,0,VILLA CRESPO,15
WARNES 499,216,420000,1944,30,VILLA CRESPO,15
WARNES 500,500,770000,1540,40,VILLA CRESPO,15
WARNES 548,343,385000,1122,50,VILLA CRESPO,15
WARNES 900,715,1400000,1958,8,VILLA CRESPO,15
WARNES 900,723,2800000,3873,70,VILLA CRESPO,15
ACEVEDO 1000,400,650000,1625,0,VILLA CRESPO,15
ACEVEDO 700,30,125000,4167,35,VILLA CRESPO,15
AGUIRRE 500,24,200000,8333,30,VILLA CRESPO,15
AGUIRRE 600,96,420000,4375,0,VILLA CRESPO,15
AGUIRRE 600,150,790000,5267,10,VILLA CRESPO,15
AGUIRRE 700,78,450000,5769,0,VILLA CRESPO,15
AGUIRRE 852,350,1850000,5286,6,VILLA CRESPO,15
"ALVAREZ, JULIAN 500",98,200000,2041,40,VILLA CRESPO,15
"ALVAREZ, JULIAN 500",98,213000,2173,40,VILLA CRESPO,15
"ALVAREZ, JULIAN 600",135,168000,1244,35,VILLA CRESPO,15
"ALVAREZ, JULIAN 600",157,300000,1911,0,VILLA CRESPO,15
"ALVAREZ, JULIAN 678",45,160000,3556,35,VILLA CRESPO,15
"ALVAREZ, JULIAN 700",159,170000,1069,49,VILLA CRESPO,15
"ALVAREZ, JULIAN 800",100,215000,2150,0,VILLA CRESPO,15
ARAOZ 105,114,162000,1421,30,VILLA CRESPO,15
ARAOZ 200,80,200000,2500,30,VILLA CRESPO,15
ARAOZ 600,90,170000,1889,30,VILLA CRESPO,15
"BELAUSTEGUI, LUIS, Dr. 900",495,950000,1919,0,VILLA CRESPO,15
CAMARGO 300,56,128000,2286,0,VILLA CRESPO,15
CAMARGO 400,25,97000,3880,30,VILLA CRESPO,15
CAMARGO 700,70,150000,2143,40,VILLA CRESPO,15
CASTILLO 100,30,125000,4167,35,VILLA CRESPO,15
CASTILLO 200,50,153000,3060,30,VILLA CRESPO,15
CASTILLO 600,100,350000,3500,8,VILLA CRESPO,15
CASTILLO 600,90,520000,5778,10,VILLA CRESPO,15
CASTILLO 600,19,135000,7105,22,VILLA CRESPO,15
CORDOBA 4301,440,1800000,4091,30,VILLA CRESPO,15
CORDOBA 5022,198,1150000,5808,20,VILLA CRESPO,15
CORDOBA 5100,713,1500000,2104,0,VILLA CRESPO,15
CORDOBA 5160,1678,2700000,1608,1,VILLA CRESPO,15
CORRIENTES 4900,474,640000,1350,40,VILLA CRESPO,15
CORRIENTES 4900,220,399000,1814,60,VILLA CRESPO,15
CORRIENTES 5000,103,299000,2903,40,VILLA CRESPO,15
CORRIENTES 5200,21,34900,1662,0,VILLA CRESPO,15
CORRIENTES 5200,15,40000,2667,53,VILLA CRESPO,15
CORRIENTES 5200,30,95000,3167,50,VILLA CRESPO,15
FOREST 1600,200,260000,1300,1,VILLA ORTUZAR,15
LA PAMPA 4315,182,746000,4099,0,VILLA ORTUZAR,15
LA PAMPA 4315,180,746000,4144,0,VILLA ORTUZAR,15
DE LOS INCAS 4000,98,99999,1020,0,VILLA ORTUZAR,15
DE LOS INCAS 4100,27,145000,5370,10,VILLA ORTUZAR,15
